sample,relative_path,size_bytes,sha256
08-186,15167703/08-186.tumor.merged.cns,19567,ffe3d7562658681acd57d5dc8dd3085f292c67504433cbfe73258cec00116e8e
08-204,15167703/08-204.tumor.merged.cns,20357,b31099d916fec2b2c9fe9c9389c94f9d377be5f3c12dd599a04dc16475543626
08-209,15167703/08-209.tumor.merged.cns,18946,0fefcf2a7b5f8685a16c3ca13b95620e1fdf397f384f9f2ae18bf536c86c1ced
08-212,15167703/08-212.tumor.merged.cns,20929,28beab0b7a15c25a45942364bc51adec61dbeabf2aefa14faa68e2d3f3e291e5
08-219,15167703/08-219.tumor.merged.cns,21177,489be9d02e684b05b0fbd64ae678b6495b4d8a0b976d195331fb407eff550721
08-222,15167703/08-222.tumor.merged.cns,19398,8b65e3bc3dcb8f549ffa6c678a0dbb7444ab4d5c836243aa8df7c26c4502c630
08-271,15167703/08-271.tumor.merged.cns,20483,cdd40df1c5563982363e2f295e27f01d075792bef27a57b1552388ceea1eab02
08-286,15167703/08-286.tumor.merged.cns,19980,75aed0d4e17cd04c14c76d03d017b4a22ea69dfb8a3c4799e05c8e763e36f5ef
08-297,15167703/08-297.tumor.merged.cns,20406,da412fc632bc75417db48d21368c137f0211a383ce53a33b69e6ae185364fccd
08-304,15167703/08-304.tumor.merged.cns,19669,424bc137faad5a5cd64f6dc43cb0a625352cb958da1dd4e84706ac88425642b9
08-307,15167703/08-307.tumor.merged.cns,24945,1ae2dd921dc7d4749693ef9d0c06f0a1a05c539f2d929b1288ce46143bce33c5
09-004,15167703/09-004.tumor.merged.cns,19936,d46c20e9410c40d91f321aab076abfdc5d345a71e20834b68007400ed99a0e64
09-019,15167703/09-019.tumor.merged.cns,19885,f5c88a12c8f900d8cb7e9b802c2a1ec577975ba66eda2dad91f540cc7e525724
09-024,15167703/09-024.tumor.merged.cns,19578,e568aaf176d9c600d32384dacd4db6ce170abcd0eceaa28e9d77bd1ce621a379
09-036,15167703/09-036.tumor.merged.cns,19621,83cea0408305ca13a169de2f675abfce430c8472e732cac9054e37c8812400b3
09-043,15167703/09-043.tumor.merged.cns,21148,c89a7f2c57ee14b5149bc6d94067207377b6dbecb53aec318c5bab9092420120
09-051,15167703/09-051.tumor.merged.cns,19930,d162cb43400d378dd27e4de0ec3689fd2b457a0544ec1e172c3a7c8674ec4f85
09-088,15167703/09-088.tumor.merged.cns,19789,9793aee69f88c90b6e61a0765f11cff822f1dcbe7f87b580953daaefba66068c
09-119,15167703/09-119.tumor.merged.cns,20341,5ca6cec613e917ee42877f6918ace0bd91639e9fc20f898fc6f398116f4ae3d1
09-120,15167703/09-120.tumor.merged.cns,20892,ceb711b2f12336cc0525db94cad4249635b84e5c1723c1e1e64d9bde9d3c733f
09-121,15167703/09-121.tumor.merged.cns,21765,0b207bf32ad79f7f8d38a1619462d7fdfc4a4a803201059a700b0c28e82e41bc
09-143,15167703/09-143.tumor.merged.cns,21410,92f2821db125e11bed831fda5cde28b4d9532cec91a7b7b24fa8fb2231fcfd8c
09-162,15167703/09-162.tumor.merged.cns,20524,767a6e9c5f99693e8694b29cf703d2e3281affddbc79c2eb8bf4b11045c5c28e
09-175,15167703/09-175.tumor.merged.cns,19665,ea6c91dd1ca95da7b6aa1fee2243eb138c2675692c5202dd5370e54ce3b3756b
09-185,15167703/09-185.tumor.merged.cns,20288,e73517c3341be4a4caa3826a35c9baa7b40722e229c7131d83fead4183872172
09-191,15167703/09-191.tumor.merged.cns,21205,31cd824ad1cbed760e72fc8955caea7f3b7233afb8c1f9d3be291b347c3f0fbf
09-215,15167703/09-215.tumor.merged.cns,20979,c523d8b481c882b14fb538a3d045b4a7da062d25334dfc25dfdbcf80972ccf6e
09-296,15167703/09-296.tumor.merged.cns,19258,c4b6f0e9de748c528b446aede73c768685337173e38470971a151b1b1abb0343
09-308,15167703/09-308.tumor.merged.cns,19809,a8fdb5ffa75261ffa685c5d7ab2a6fe41fc63cc32b3291291b0d2f22258e4867
10-024,15167703/10-024.tumor.merged.cns,21799,ffe805d4669f8bb83aa56abf139b94c0b6b70817e60df158c50907cb279de203
10-025,15167703/10-025.tumor.merged.cns,20116,02f3a669ca8da97c6490924f4b8aac9ab4bda866e0c1387f7643e77c267ab708
10-026,15167703/10-026.tumor.merged.cns,20897,0359baccdec829d8e29cfe1d34123aa94c2d1f2a21601297c00ed4585d1887db
10-047,15167703/10-047.tumor.merged.cns,18625,26fd0478d028ef98bf36bc838d14c0943ece6e2273f04254adcb468b879d4835
10-055,15167703/10-055.tumor.merged.cns,21169,2587733deb749548b20f23d75f7b15bacd143b15280af0284795ed63072cf34c
10-059,15167703/10-059.tumor.merged.cns,20065,341bad0e79be87f88c1d9cdadfa9f191d9527560def434cb2958a6bebbc6b2a0
10-064,15167703/10-064.tumor.merged.cns,20930,e03821be1c9ea4228cd0c5f1f3f39636d506c22b3a7c3ea8264f293312522c0a
10-078,15167703/10-078.tumor.merged.cns,19330,0a87aad62dcb44e647114e03795b05e7dab502c54853b76f37cf1b19150582c5
10-095,15167703/10-095.tumor.merged.cns,19940,0c605e49f242028555673f333b335bdbb754b1a5d1ee5a132bc127081dc1a7cd
10-113,15167703/10-113.tumor.merged.cns,21237,8051ede0b9f059d69b40e37e7746342d083f9c3645d3c6d2a9775e669035ba18
10-126,15167703/10-126.tumor.merged.cns,19718,b20f2685f85c0674b79b8d1dee566c653b9ac9672ee6c17b73c42dc13ffee765
10-127,15167703/10-127.tumor.merged.cns,20383,d22a04a97c19ab165eaf929fbd1bd5002976ec5f374e21b5fdb666438fa1a643
10-175,15167703/10-175.tumor.merged.cns,20468,e0a8dac3e5595af5522d5ac885cf9debb629b3b9db045505b25826c25f58dc4d
10-188,15167703/10-188.tumor.merged.cns,20203,fe15a657ab9ff8646b6c8863eb49f65d1882fe919f1057112996708b04a8d5b4
10-191,15167703/10-191.tumor.merged.cns,19168,2adbef1d0b8529bae92d78f520f3581a747b61f75a4bb1b4212f5e7f80e81d1c
10-192,15167703/10-192.tumor.merged.cns,20746,67a26c318761a714a98906897bdbaa4c97295d1315cc81f33bc23fbce9c1613d
10-198,15167703/10-198.tumor.merged.cns,19540,8b573a4b81c137013d68c97bd27d8055eabad345568ce8661ef831b18e551e8d
10-210,15167703/10-210.tumor.merged.cns,19993,a6f17ce7441ce7a6e8dd24fc4cb1a1bed614cca549a18198285bfe8139b23df9
10-217,15167703/10-217.tumor.merged.cns,20272,b5adc1a5443435e7489dd7276cc1d1c019901c92d34ce728dea3c3eb58de8ede
10-223,15167703/10-223.tumor.merged.cns,21123,2fdb864d0e9f8a22235c168dc8c660104f522ae77c8b728db8d80098aaf1c54d
10-232,15167703/10-232.tumor.merged.cns,19917,e90ebe29e4cbc0c7eacef96d30fdabf88edc72cc333768c9cdd72c6a3bb76318
10-234,15167703/10-234.tumor.merged.cns,20345,26e918e1be985aac077386e647e8d19809b42595dae2eb8be0ebd50c390ddfed
10-235,15167703/10-235.tumor.merged.cns,19407,77fbd8aae3edb3d43c7d86f520ec217e4a88b01d131cc8f34420a424fc3deab1
10-263,15167703/10-263.tumor.merged.cns,20225,13b8f1e02a6675a2e04ae0b4ebd84f3ba91450debce6bc5e5eebcbda5d218aa7
10-291,15167703/10-291.tumor.merged.cns,21494,08c6875deadec700de3a8b493a4b8603a818440dac411f360a9703b587fc6c38
10-308,15167703/10-308.tumor.merged.cns,20018,9272ef7d46bea027ce4adfc4c0ef623dbf627af56e51a5f45349817cd5d009e3
10-331,15167703/10-331.tumor.merged.cns,21117,a1bd7c09d31c4d3fba34985603ed0081b448e2dc233c3190df9152f31ebc70b2
10-333,15167703/10-333.tumor.merged.cns,18993,73488d06195a9fdeb520a78877e4e67bd68ca92dc33c020ac70483e174ca4a74
11-065,15167703/11-065.tumor.merged.cns,19310,6000d35556f1dc3bc361443e756a34027333ca2232aae90e0137fd58d16e9109
11-067,15167703/11-067.tumor.merged.cns,19995,eaff32babe6ba075754cde67b00326223d61c2353373b352e750d49b68c76586
11-098,15167703/11-098.tumor.merged.cns,19082,89b55f50fc71660339be1c9a8ec7c3b4de8d0d6c5ca9d9401d217876c3eb460f
11-165,15167703/11-165.tumor.merged.cns,20629,45238584d03587f5c2867ddd222ba5861a3b7c9b358a5380d38efb2a3c959760
11-171,15167703/11-171.tumor.merged.cns,19089,f5b3d1448343e9c083aa5e0fdb1775002728f527fb4fd7410142280a4b2a48c3
11-189,15167703/11-189.tumor.merged.cns,19007,d315944e6dbb6fd75fafbfcff0850e0aa20232b2b4e551ac8788675823624d2c
11-212,15167703/11-212.tumor.merged.cns,19494,3fd2b4a92f64df8d8ca4f65004aa532ff8f84c92bff7f96493d5e145c03642c0
11-236,15167703/11-236.tumor.merged.cns,19598,f61aa43d0c1ac5899933e843be82198fb9b4f7767a3a50d5113c58fe7fff18d8
11-237,15167703/11-237.tumor.merged.cns,19723,a9a9ee5bc38d870fe96b7a9c2e7b2ad26de3af044d1ffa563856ec085420aa34
11-244,15167703/11-244.tumor.merged.cns,20197,fd42c34cf5a580b45ffcad85797728141dcf39f7c06b5a9cb49415de15fc9b40
11-245,15167703/11-245.tumor.merged.cns,19438,a123e609f603b45adc34970af07ba729ec1f22feac4109f6e99eba556db2e1f7
11-246,15167703/11-246.tumor.merged.cns,19359,f581ae5899959568f41568489af152cb12940749f56e72d67f258c751d2322b2
11-255,15167703/11-255.tumor.merged.cns,23904,f9e57e3bd394fd3f85d562d0e7eb0fff82a2bbc9ba6941d5b53afcf4f975594b
11-257,15167703/11-257.tumor.merged.cns,19905,e20e3b798c6f7610674811216c9ef21764ff6f4aeef55eab7db3b4a0eed325c4
11-263,15167703/11-263.tumor.merged.cns,19833,cdc6c1190a63fcb820fd8ad3997875164cd26412750f85aa32daf8dc54d9f2d5
11-290,15167703/11-290.tumor.merged.cns,20946,eaad8d92b63d02303b3a4434a745f62b49f7fe90da91821fd1fe8f7d0ac9abbf
11-299,15167703/11-299.tumor.merged.cns,20375,72b70b5dcf9a9c82d1f8105de5451be180fe3dd7945b6b53f639d470938e3140
11-313,15167703/11-313.tumor.merged.cns,20401,e3ca973bf38a7bb04b4adacaff8bc50ed843088c696ec92b36081943034a85ca
11-317,15167703/11-317.tumor.merged.cns,21010,d94834ec91c638361da2cc05728bb85e5ac5bc91a8a6e7507801e067c64c4175
11-328,15167703/11-328.tumor.merged.cns,20954,0bc257091039d55444a4d64874a60fbb7a90a853754fe0b36fbd9c86ad1160ff
12-014,15167703/12-014.tumor.merged.cns,18603,9ba7e74229be959c02788e25c882b54c936a77dadd74063b6035f629e6d853c7
12-017,15167703/12-017.tumor.merged.cns,20267,3f008d93ef4637f180efd2017dcade36c9d9bf3bbecb8dc14178e82a953d35f9
12-033,15167703/12-033.tumor.merged.cns,20581,c2f8d6a45b8b24d02a08cd511f0de30b2db3cd69c8e95747f0f94d870ec9fc8b
12-038,15167703/12-038.tumor.merged.cns,20700,0c9a4e4a10dc7ebcacd375df10f7a37f359653b4dadd81ae5cb8a38adfb91b30
12-040,15167703/12-040.tumor.merged.cns,20173,c443f8a25adb7f7cbe6436d1ee91f31d371ef5ccc643dad94e872e676367931e
12-063,15167703/12-063.tumor.merged.cns,20382,36baba3b3ca8d1287481c9be3d7455b9a5681394abc56bd008f4a2ccfb79854a
12-098,15167703/12-098.tumor.merged.cns,24248,00bea17881d313de91c80f59aef272d92dbd54f4d60ed65272ab0aed1015c4e8
12-126,15167703/12-126.tumor.merged.cns,20955,36bec0641254acc8d97d59b905e0af4b48a7f33c9da533dd3e832f7bf2ea438d
12-128,15167703/12-128.tumor.merged.cns,20800,1a3cd7f43d430a1991b3e9086db6e2a3f8a164e337b55bd1f497c2db96b0e91f
12-130,15167703/12-130.tumor.merged.cns,20419,07a6f1ff403c06430425cfc8e4ea3fb70db81bcd26abc8bbf9ba408581160504
12-153,15167703/12-153.tumor.merged.cns,21569,00b28f6d5fadf455b1324833b884f402fabab0e7a5340dae336be156826e7f47
12-154,15167703/12-154.tumor.merged.cns,19136,886965358a2f1b7a5ef4b26af6658aa2c12ef02522cbcd8c65b4636d738cb577
12-168,15167703/12-168.tumor.merged.cns,21164,2486024a28c13eba977af80f25c598bc5d8518a2bab8b60465ec3aab57217e73
12-179,15167703/12-179.tumor.merged.cns,18515,fc711caff5307edf1bd7689e7fd262bdec0e9e906b4431182e9f1be54ba1ac47
12-180,15167703/12-180.tumor.merged.cns,20347,7ec2aa5140927a450dd02a3cd1a0f799bbc39bdb1fa6ba607220f497aa88b02c
12-200,15167703/12-200.tumor.merged.cns,20951,f8ccb68fffd3919beba638e1688e8a5f4b420be01f9d01c9ae555a0e32c6ea1e
12-213,15167703/12-213.tumor.merged.cns,21111,d9624ef9e4eab71bb367c55d7a22bc15b065f32b5abca2b0d14184bcff736537
12-215,15167703/12-215.tumor.merged.cns,20429,75938ea62fc86856187ab2effb39c9cd3dec7178507bb1d3f1d28ae252bdd93e
12-216,15167703/12-216.tumor.merged.cns,20635,2cf93c18f17397472cae53ecde0cf87c548c3e7c1f59e3ee600007f4260ab40f
12-222,15167703/12-222.tumor.merged.cns,21316,90cd94ccf4a17a8d7fc09d503a06c0b8361b5f645d9478af5be8f4cb7d173643
12-225,15167703/12-225.tumor.merged.cns,20470,20713bea337afe2fafbfb8415f7df758a33acc5c57a80e01d5c1001acddbea00
12-227,15167703/12-227.tumor.merged.cns,20443,10509b5730a833010a47b312754eddc9a8051970b505114fb2a1cd869d1a0227
12-234,15167703/12-234.tumor.merged.cns,22205,a59d97540a472d77227b62220665dfcfda1eb4c226e0058b89f5edf1412a867a
10034,15173882/10034.tumor.merged.cns,20447,bb73234003a92a5cb8579172d60ae974bbfc468e658d8484d05f675bb092cd1f
10035,15173882/10035.tumor.merged.cns,19259,48d7648b6f64aba2a579cf74218548dfdc257f88da13401df29ae08ecb44a3c7
10037,15173882/10037.tumor.merged.cns,20314,229be44db120c726137e8a85d0106a20ba551e6a01e0382adf12a3c659ec4767
10044,15173882/10044.tumor.merged.cns,19851,8552abc57e0e4847eb1dc0df1dbfd0592fac044ca22a24e0b8b67d550750d1e9
10060,15173882/10060.tumor.merged.cns,19463,d3af308d53e843863374faeff0cc1e6fa53b4e69f918baad241a132c745f1502
10082,15173882/10082.tumor.merged.cns,20655,304d2e4ab49fb6d31b6c1b62c5ffda5e45e023a014fe6751bb0a78c5b28bbd0d
10092,15173882/10092.tumor.merged.cns,21274,81ee046894bbae26539e843abc3e23cdbe3e40de961d7691ff851c13bdfc9b8c
10104,15173882/10104.tumor.merged.cns,20585,820d2d087884dbe2db4f621045f160fcb22a39295efb95bd10c27430e24b95b8
10127,15173882/10127.tumor.merged.cns,20361,73fff50d2a72c75abe0b56ebe3861b87bd5f67e39766b1f6705cfae8dbbf030e
10178,15173882/10178.tumor.merged.cns,21195,8c55afda70979ddd28a27d21665df31d9dc569bee23827f5e93ac5595381647e
10202,15173882/10202.tumor.merged.cns,21351,9077093f8b0e8d686da98928c49e76d1087f96660c56fe899f3cb3c3f25e7d33
10213,15173882/10213.tumor.merged.cns,21122,5782cb4ff9268cd60f6df6f357c438dbdeec79a53e5b6774aedc00fb7292d2b6
10216,15173882/10216.tumor.merged.cns,20616,cc97a586b54143b5342790363935ab69670272e8b458ff6d3ec280d6b965e262
10219,15173882/10219.tumor.merged.cns,20379,237e89ccc98e364136b114361900063ab03423c14be4729ec7573ec9b23fc4a2
12-236,15173882/12-236.tumor.merged.cns,19377,ebbbc1945e44cbc442306e22b01cc174b554dedb84b0a3851ed01ea8a2d8a9c2
12-245,15173882/12-245.tumor.merged.cns,19355,b37db5f54b0cccea02c1a3a1d124cd470fe364ed7bc3c2c1214e7cf3784920b6
12-256,15173882/12-256.tumor.merged.cns,19732,f30054928cd435e64077ec143820a1f53cc98435ecc2b7bff501e8e5e5158730
12-258,15173882/12-258.tumor.merged.cns,20924,378434a3e54fa3770c32f7b83ec052b6e92a00505118622d823c2dd687093c56
12-260,15173882/12-260.tumor.merged.cns,20082,0172eab42053e6998bddc8c8f39207c204e02beaeb53916cc292c0e7c09fd3d5
12-261,15173882/12-261.tumor.merged.cns,18644,1833eabc5dae3d2b4aaa70617685a69ca81d2dc8e497af17ff214fbe5f27f853
12-264,15173882/12-264.tumor.merged.cns,19800,a3e955eba8c1071cc552e5ed57fb63d139cdc21ed0d9e85bd1352949f2f88e06
13-007,15173882/13-007.tumor.merged.cns,21430,a573eb3691211f0ba737d0978df399d9bf659b9e3fe0e7d80ff7ed80a60c8976
13-011,15173882/13-011.tumor.merged.cns,19868,cf45b33ea970ee02877e05b4c2af34ea8db21b47261d0637ca15ebac6dc20cd8
13-016,15173882/13-016.tumor.merged.cns,22044,b13760e6a43ff3e891b8a0a941348ed0250ed6151fe164ed3534a4986a484b8e
13-018,15173882/13-018.tumor.merged.cns,19437,cb8b8738064d1845cb96e3e9bdd24fddf527d6a3262e22f1515c855ab11e450e
13-050,15173882/13-050.tumor.merged.cns,21188,0f2712ecb20fbf2853bb619209e4889c814a1baea89dfb865683b248a23ef7ce
13-061,15173882/13-061.tumor.merged.cns,20815,cebb15cf6c054ee56ab156ce65ad65970b01b9d4cdded3a8e508e7fe27182542
13-069,15173882/13-069.tumor.merged.cns,20706,cf5468ca756f8407dc8535be02c9493c7810bfe8d70d1aed472691ac068ec560
13-078,15173882/13-078.tumor.merged.cns,19542,9044310796df9c107e156564c0838995609ae571149c8e0c64f99af6737d8b81
13-092,15173882/13-092.tumor.merged.cns,19411,c2d6fe1ac2bcfc815d11e263d50e8195bf471c10096a19ca3a7c9357633dce48
13-101,15173882/13-101.tumor.merged.cns,21575,041b9a087163f247b32fbd079cfed8638aa7bdf80abe7b9b82707d07fa917e5d
13-111,15173882/13-111.tumor.merged.cns,20227,9d7a68402e5669f5a4d982341eb2bcdba8cb4af7a70f52b5f738e6e8fc69a765
13-112,15173882/13-112.tumor.merged.cns,20490,2725b5aca2b27beb32115f4b4a1f58ad78b9df456990cfdd8ae4d65ce02b49c0
13-115,15173882/13-115.tumor.merged.cns,20360,d1a19996952ac47a0f6c43ed7ef371fbdb0b20067b0e9bac026805a761eceae7
13-128,15173882/13-128.tumor.merged.cns,20041,532d8b5773730083949065610eab5610f7bb3929a8a90a7e5e07ef2729ae13d3
13-131,15173882/13-131.tumor.merged.cns,22969,5312dbe0a420028e501611d42fd9b595d99ff80fa91451047fc401859967458e
13-137,15173882/13-137.tumor.merged.cns,20389,7f3964a8b5ed9e290fa46ed4d41aac963377fbbe04e212722e8ad34fea6ce203
13-155,15173882/13-155.tumor.merged.cns,19438,3a1fbbeec354dacf95012f999c67b3142ff8297bed664ceeba94c203ca8afc3d
13-171,15173882/13-171.tumor.merged.cns,22102,4c61486c00286300c810b264aa02c6d5ad0439f63f9e68a78152e1ba3a3873ee
13-184,15173882/13-184.tumor.merged.cns,19816,055c104909791781268ec00b6a365129cfa96e040e93713e6d89a04916842172
13-185,15173882/13-185.tumor.merged.cns,19560,d61a38aa87de8e33e33944f82d3c1ac9c984f386e62eb7808d6aa5f2c1e234a2
13-187,15173882/13-187.tumor.merged.cns,20143,0e373b9ab29a10b4689a5f4a6bdee8095fc45e4dae0bbacfa07021ba6bee2e08
13-191,15173882/13-191.tumor.merged.cns,20895,88b57dd93688058c0f5a9fe0589321c013450656d2a04e1d06e88d882e148285
13-196,15173882/13-196.tumor.merged.cns,20772,bed2a7e2d27540315658f4b088fa8359d865240c58889ce72e1d351cfc63b0d8
13-197,15173882/13-197.tumor.merged.cns,20022,a27ec5400794038a4788d4ced614d96e916026dbcd856091933203c7d038334d
13-214,15173882/13-214.tumor.merged.cns,20514,b5f8c38a7deff726f2b87f360b0b32e7d9fbd6ab7f46f5399e6cc914fc944db5
13-223,15173882/13-223.tumor.merged.cns,20760,b3d3b5a2fe1a4a3abff0ddc85c0c5cf0627a1d16fda21721a8c7c2b9c56216ae
13-226,15173882/13-226.tumor.merged.cns,20698,56f3db9da5c2a403d8e3908b92fcceb878db1df3ba8a0e226d4190ede97adfc1
13-236,15173882/13-236.tumor.merged.cns,19592,b77326980b44a54d0c96ef5e2fd9a765529207db660e79e51610ebe33cd77556
13-246,15173882/13-246.tumor.merged.cns,20601,0dda4a989ddb5cdc2404e798f813b3c78715816b7452c0c4932cb68b64d1e5b6
13-270,15173882/13-270.tumor.merged.cns,20520,79bad9c7a216a0d36feb3b4c3d3b6994f4c556ad07ba13de4a3941afb74b6620
13-271,15173882/13-271.tumor.merged.cns,20285,35f41681efd69e92641635f962195aff66d012b5753260a7400843985cb4b82b
13-285,15173882/13-285.tumor.merged.cns,20574,73e9bba88c7c5a62124cf273fec5b3ae3b9038dfbfe2520a34804a8a9eecde5e
14-023,15173882/14-023.tumor.merged.cns,21769,5ee81a32eb02fd0c361c75f72888732a54c2fe2004381986e906dbedaf9b389a
14-024,15173882/14-024.tumor.merged.cns,20922,a122fcaf88a4f580caae3f137d322acf981cedee168a06fbb99b6aac0e2dcea5
14-044,15173882/14-044.tumor.merged.cns,21320,548fba40837cd39290a0a4cda2f442d2d4a00bf73bc6577fffe2016b64a8686d
14-046,15173882/14-046.tumor.merged.cns,20905,2ddfe381375bc4bfe2816d63c6936f69a6ad95a66454b930def1925da612bf3d
14-055,15173882/14-055.tumor.merged.cns,21424,b34508301f129c2316e0b3d8c82ff3ef015a4b20d0e6ef8cc495b621ae9bb1ce
14-070,15173882/14-070.tumor.merged.cns,19823,4559e4943f81e6f22cef7e7e6cb7888a9f29a10870421aa57888c6fc873a6750
14-074,15173882/14-074.tumor.merged.cns,19846,4867aaea11d5de02fc9970b9353817ff1e138fa9292722d0efbdf556592be441
14-087,15173882/14-087.tumor.merged.cns,18469,30fa68afbbfe0b0b8a79c76585d6686d60bd8714ec1ed8afcaa35811582b73d0
14-091,15173882/14-091.tumor.merged.cns,20145,2ca91b9d494a890078e269f93e80ed4df8dc273a088fe013f14628a10debf8e6
14-103,15173882/14-103.tumor.merged.cns,19802,670fbd2e53d55c690ad3f8b86062c82c3b46ed72347d6e3f37acd5145c5c12d5
14-128,15173882/14-128.tumor.merged.cns,20644,e1c4708f5674b886754af7943f8905884fc6202782d7919ef0171e54114db08b
14-144,15173882/14-144.tumor.merged.cns,19733,dc266814aaeb55becb702045a6c0003ed44e74557677ecabd1ce3d70b04a1298
14-161,15173882/14-161.tumor.merged.cns,20381,981d7445eb16c087b71df695c263488288c78d5cdf3215ac0c77642b1373f65a
14-202,15173882/14-202.tumor.merged.cns,22464,4a292b5cc75d1553ef24781b48fd5951b28c7349deae0665a06722a4e1bfee7c
14-211,15173882/14-211.tumor.merged.cns,20991,cfe1d8a9c039b92b38d48d8a99acbd6b7b0992dabcd5594d94a839da9efe4105
14-220,15173882/14-220.tumor.merged.cns,19529,505b7273a7a311269c13db248ab2c3e8818c1d62faf1553e270dea6b802694e7
14-223,15173882/14-223.tumor.merged.cns,19457,4848d5b3bcae18acbe9e4b7355e5b28a5e1c23fefd86484b490e21ecb8c58130
14-239,15173882/14-239.tumor.merged.cns,19550,456c75b778e0e4e92641e976ee5ae416e65c78c093eaf752bf6a23b80b6234b6
14-250,15173882/14-250.tumor.merged.cns,20936,6a973dd895e7c1e567e1181b6682f1f0ff997cb55fcf56e0d4a63a51d450cf87
14-251,15173882/14-251.tumor.merged.cns,21145,97f6d84d5f86f9a37bebeff23ddda985f946f953164fd740b348e2c9be50f139
14-254,15173882/14-254.tumor.merged.cns,20713,a70c3085405afcbae7f85aad9a74d9faa75edd985b82b82122a6baf57fe38d0e
14-258,15173882/14-258.tumor.merged.cns,20277,aa536fc09b98e11aa16042e4368baa93dc86c5546954b15d43f20170839c81f4
14-283,15173882/14-283.tumor.merged.cns,19665,8df7ff3568832f52aeafb5c2817f95d0195e6f872ea5f611ab20410606b13313
14-284,15173882/14-284.tumor.merged.cns,21265,97771547314883f156fcf9d7caa69511f15ddcfe4482526f7fc8065dc569d598
15-001,15173882/15-001.tumor.merged.cns,20452,e88ebe30edf4e47efdb4962a3ee028e79c99078e1924fcd236cda7a84e6b4538
15-010,15173882/15-010.tumor.merged.cns,22194,1cef0eb3441716b1a33009f78366cb94d579f8a788cdb90bed366f8e6eb552de
15-015,15173882/15-015.tumor.merged.cns,20393,f54c4048ef4f337a1a0dc2be0234c4427cceb0a783dcbb7d8237b935c8a2621a
15-019,15173882/15-019.tumor.merged.cns,20775,64caf8616594e4019b0b8ff1089350829b391a35604a618e150768fa33f0a25b
15-048,15173882/15-048.tumor.merged.cns,20185,5ca10343acebcce2ffe0a8021183312bfe5d2cb1ab8b1fa6df503050be5d9f3e
15-106,15173882/15-106.tumor.merged.cns,20213,1b2fb03415b9bd322391e1a4d4b5eda996b3e04207c62d489ffa2ea51cfc360f
15-123,15173882/15-123.tumor.merged.cns,20469,eb61d03ea62437ae5039331c473d067c59d615e7fc535c790b1757f0486c179b
15-139,15173882/15-139.tumor.merged.cns,20175,dabd1842005e7c6d8afde8379a5ebe37b4e4f9444ac347a11a6b7a0473abdc40
15-145,15173882/15-145.tumor.merged.cns,20870,bb2aeb96cd7d82047741a818874fe98ed0355a5fbc8139c3be86a6cc31f0594f
15-148,15173882/15-148.tumor.merged.cns,20826,05ac21601891cfe97df85b5a375ce90747187dba13fa0e818ff54c9463991feb
15-149,15173882/15-149.tumor.merged.cns,21096,60f8007aeb86306ae1c271ba826994dbc19f286190170744afa80d3a430b0941
15-150,15173882/15-150.tumor.merged.cns,19254,fc8257d5a6e83f6fae28ba1b8ebd4657949da39149ebcaee421b6b6b30fc4942
15-155,15173882/15-155.tumor.merged.cns,19500,088578b393b63cd74fd8be938d43aeef3abc07b08b4a69988df1090da88ffb4a
15-176,15173882/15-176.tumor.merged.cns,20954,9bc1e60f8849a7690fc4e88445acbb2548ca691269872a4a43cbd9b442ee2a0e
15-182,15173882/15-182.tumor.merged.cns,19073,157a5a572bea13f5f8fe355051b67887914705163983b8f1698a78946c1353f5
15-196,15173882/15-196.tumor.merged.cns,19638,c2772b076cf35e0d531709ccfe95ad2d54e6e0449057057e82178e8c658d7cc9
15-208,15173882/15-208.tumor.merged.cns,21979,057e6202622d91ec64cfd2de172ca36e2ac7a95357b89520c13b02f14260dbbc
15-223,15173882/15-223.tumor.merged.cns,19288,18794bec6c0f60ec39ed8a490a64ed6f4ab8764741028f7686f2a46ab41afd15
15-224,15173882/15-224.tumor.merged.cns,22113,bbafd9a3db40afdcddd9fbe0500f626c883cd902967dde7739fec72a8c9aaeba
15-228,15173882/15-228.tumor.merged.cns,20115,5ad9c09f1f83b8e3a0f941df67fb80f41f822d804b6b0a29bcdda11bf528e776
15-254,15173882/15-254.tumor.merged.cns,20899,1808259539e076c9fa84c89914faf06c41009fa4f473766669684fb6b43e2d93
15-264,15173882/15-264.tumor.merged.cns,19450,00853ee72917e0d18e90d19daff20dc051f919154dfc8b0825ad91a74ba54c3e
16-004,15173882/16-004.tumor.merged.cns,20196,0eca3ac0e56164e501b552ad65e5c524ffe88fe5c2d0dcb69411451b03802c5b
10230,15174016/10230.tumor.merged.cns,21330,018c49e57ec2c4da5c64adad994246142389e39553669932a52d7a0bce18afcb
10264,15174016/10264.tumor.merged.cns,21064,bdeb0e09e06167fac8793466fe52a29f50b77ad07a4ede387f39c35c1456aa9b
10267,15174016/10267.tumor.merged.cns,20542,9dccaa915813823fc6b8ad104c01ef67a409550fbdd46890e4bf45e49f22ce90
10274,15174016/10274.tumor.merged.cns,20805,cce091212acd30ea98dd3628b84d35c1296bf2760b1289a5071b34fdc42f445d
10279,15174016/10279.tumor.merged.cns,20045,1223fca8282ec071077cad1534adf41d4dc9ea98f56182803a8a8539f28d2b05
10289,15174016/10289.tumor.merged.cns,20691,04afafdb84d785bb596e8ddbacb0dd20341c2ccb416bba5132ea407cdd7c802b
10323,15174016/10323.tumor.merged.cns,20696,700d4825bc5e779582800580c3830fe514954cd5c29d3005e6818727164a5995
10339,15174016/10339.tumor.merged.cns,20161,6661297208966d78fda6c344e5e853154f1b38821a098ebc52f97d391a89100c
10345,15174016/10345.tumor.merged.cns,19316,aed4f7af91e10f2320351a4b8816b3ca444e190fc52b0e3b49843f5fcecbaedf
10346,15174016/10346.tumor.merged.cns,19844,1d33a15d7de3198ec87bd206652a10d4abd550f53c6ce6aa57ab3766e4513a36
10348,15174016/10348.tumor.merged.cns,20600,23e1af459f2b54f78f6a543ad87d439de77b0e1b990343c7463b2a65216a0029
10349,15174016/10349.tumor.merged.cns,20460,82d98aba48fd55fcc3e00fc6fef174d551e4ed1ed9a9a87d71f83a46eaa8bec5
10355,15174016/10355.tumor.merged.cns,21636,307227f926c1933a2e82dac386a9dfc1ed4f3939f70c5a01c61e29231b14aced
10366,15174016/10366.tumor.merged.cns,20096,e14d8a0e2ca59f197836c09dc5e11282d2cb63b52c79384baee5cb9c2af6ec91
10369,15174016/10369.tumor.merged.cns,19858,4ae7990d7691d7aaf747b709c7f70dfdbda7c163fe50d767766858a426bb816f
10372,15174016/10372.tumor.merged.cns,19852,4b16608e86311354d0244776b49fe17e5077d755812a5fa8814d35fd39919dd8
10376,15174016/10376.tumor.merged.cns,21859,a934de43ae6139f7eabba0f8807577aefbb9b7c9afd5e01fb21449fa0497636e
10377,15174016/10377.tumor.merged.cns,22681,b621b69bf389f699b073487dbfb23164106f07b286b8cf66a5f005bec34ab32a
10379,15174016/10379.tumor.merged.cns,19582,60e2b90ccfe12f0b206188e76a98bee998ad7c15f3274c94af1d3d4215c2d46a
10399,15174016/10399.tumor.merged.cns,21186,f2b820cff76f7bf6a95fb7ccc63164420e99cec0202c6a752adc0cb56dd61ef5
10400,15174016/10400.tumor.merged.cns,19706,a683a99ae55e8e1ca6628801258d6d8b42863b0683e43d61bcc32b715e124186
10416,15174016/10416.tumor.merged.cns,20327,7852763575da4c1595bd4bde15faee09ad6fd27b05cfbff24086a8bc530c3c17
10421,15174016/10421.tumor.merged.cns,22128,6149f84cd58391fa25a8f4ba3e74c49e8775d343489770d6ab628c6c62d39978
10432,15174016/10432.tumor.merged.cns,19030,7c48b1f64387345f3e98ddb407afa9c9aa76db3660c8dd411190c2c191124a1e
10446,15174016/10446.tumor.merged.cns,21135,c52fce60bb6bbcb230d121049f9d4b6eb84323bd905e1b556b7ca30570553c95
10452,15174016/10452.tumor.merged.cns,20711,214da1f3c8f710365c4a39b8edad1924ea73d8c8a5479601ac7fd17cc0b8b631
10460,15174016/10460.tumor.merged.cns,19871,1acdfbcf2cbc1761d3b39e04143626c80a26dc37808d343ec22dc9c68763379e
10461,15174016/10461.tumor.merged.cns,19153,8af157ecf6e66b798f698bb5a6d2a14ee7214eca95c4bfd633b80e49c540dcbe
10469,15174016/10469.tumor.merged.cns,19492,a936bbb2ba60334b7bff55357c23ca3040b2e0472d9695f2124668d0919082df
10470,15174016/10470.tumor.merged.cns,21574,aff91e930fbb601ca4c30c9cf6b81110ac1c41d84e5326355acddb798defb250
10480,15174016/10480.tumor.merged.cns,22125,29aeaef03fea3ad22e408477ff98b96c951b62de802cf096f9b27fe175973330
10520,15174016/10520.tumor.merged.cns,20017,6102db5955fecf51db3becc1e5e8b76ffc7d1fcf2b16e1ae58776a0d2f348063
10524,15174016/10524.tumor.merged.cns,20057,217eac9a004170b73f135881642a07235da1aa1940a38abb8cb7dff2248272e8
10532,15174016/10532.tumor.merged.cns,19872,d7f1ba314600b7f8148898c20f7f565e4ae87484f83ea27f4866480bd67522e7
10534,15174016/10534.tumor.merged.cns,20249,89328f46953b3149673340b25020c6063f779f2b0c75ebc21d8c41f6f06535f1
10541,15174016/10541.tumor.merged.cns,22604,0f0c4a2258c8e16fdcad70536df540fe7edd70048348e8957ab831fb9f17e517
10611,15174016/10611.tumor.merged.cns,20065,4bca5896c532bb01cbaedaddeec7d9941a7632ead32b5d7aa73732dd1051e2fb
10634,15174016/10634.tumor.merged.cns,19707,2bc3cacd3437e4dfbe28154a737d9b27f5fd4dafa6de420dbed5b3b0104a31d9
10660,15174016/10660.tumor.merged.cns,20476,81fe2078ccf17ec2f3635f40bcaa442e51ac4dc666454b2a4242d6b043049bde
10666,15174016/10666.tumor.merged.cns,20830,b0943e7933ad8bd696858e83adf8c772a4126a63b7ac99eb655b83b069ea59a8
10685,15174016/10685.tumor.merged.cns,20236,d66f659ee4c36dd90ca1d3d5eaff4949fe1bc13d665b6db5ddff7feda2a753f8
10704,15174016/10704.tumor.merged.cns,20356,8edcf3be0d9499a9506539a3eea8d6199e34cbe043133338a7bdd24e780b71ba
10746,15174016/10746.tumor.merged.cns,20453,389d584b8824acaf2269d59e940cc839a604c422463b252ef36c5ad318022868
10747,15174016/10747.tumor.merged.cns,20543,7783733b1720ebdb4c666b206f23cbb1877fa0a1661c5ffe91ba4760fdc54216
10759,15174016/10759.tumor.merged.cns,19603,6ba1b953153453a952f8f3ea19d5977b5b9d5d9226492536b2e8d20dc639f1b2
10806,15174016/10806.tumor.merged.cns,19687,50895e249ea4a9d5f858f57378b67a93ed4e7284e2bc18cb36c948a3ade051fe
10812,15174016/10812.tumor.merged.cns,20398,2ff0d53245401486d2720d80276a0bc53e3f78e6f97718fcbf7d787342d5eb90
10817,15174016/10817.tumor.merged.cns,20373,b51d690b869131d4785fa07f5a8fe13cafa44da712a790b47294ce897d48e5e8
10855,15174016/10855.tumor.merged.cns,19883,8323b9c7346f99e30c414ce89b8b860672bf17e01696dab418909c9e0f1f1b73
10882,15174016/10882.tumor.merged.cns,21470,e2d166899298eac8fd6d90f6e0512b5ecf0d5f48bd6517023a62c563a8354bda
10888,15174016/10888.tumor.merged.cns,22999,7965e395d31f4563e178e64fe158028d0e106713876e9fd8d6b5e80fb9df7cb1
10932,15174016/10932.tumor.merged.cns,21286,f4621d37f13e7dcad646dd14c69fdf9b8716c00422ba37480ea6a2130246b501
10933,15174016/10933.tumor.merged.cns,22783,a982b02da7f454f8868c5e6259ffa8018c3a53012b0b7c071e3903b3736d921b
10954,15174016/10954.tumor.merged.cns,21475,5467a7d2a403d83fbd8e9809e26184e868a63acd81257ac953f28f821a697892
10968,15174016/10968.tumor.merged.cns,20797,1dc15638c1a7e6318291d424c73eb7424646dbb8351c63486c6cd813c815498d
10969,15174016/10969.tumor.merged.cns,20148,3016eed29494abd2575db7c05521829b6cf7dd2d235da11d11b7c6d78a541dc8
11013,15174016/11013.tumor.merged.cns,22197,e0434276491800cd06e7493921f5b595f0d19666eb81280d784b4a4423c35381
11016,15174016/11016.tumor.merged.cns,19606,8140fb624a4a3f97456835f0fc5e0155b86480d9af4fc2b96b5f1b593f6322e3
11019,15174016/11019.tumor.merged.cns,21198,17990f86432850ccc11127f0ec473baea75f04287a25c1b0a6f921653fa54992
11025,15174016/11025.tumor.merged.cns,22467,3915777fc68eb4ab133c0032f676e4ccfbd5051656f5264a6830ef2aaba0219d
11042,15174016/11042.tumor.merged.cns,20317,33d084277b0a4787091be9d7db6c8e7b9f7b5cbdb5689ed442d96dd85c87eeb7
11253,15174016/11253.tumor.merged.cns,20844,3d7a74e622beec34eea3e9b6d24f6a3dcdac00d38382e49b2dd23b67d54d3a78
