gene	candidate_tier	oksa_coefficient_slow_vs_fast	oksa_p	oksa_fdr	li_C1_minus_C2	li_p	li_fdr	direction_concordant	abs_oksa_effect	in_top_oksa_effect_quartile	target_log2FC	target_assessability	target_class	target_concordant_with_oksa	drug_target_for	singlecell_pct_cells	local_validation_availability	is_SHE	contrasts	is_Tier1
BRINP2	NOT_CONCORDANT	1.44765742994548	0.054037444084145	0.48243598287771	-0.8483616537573999			False	1.44765742994548	False		not_assessable_in_TARGET	not_assessable_in_TARGET				NOT_AVAILABLE - no biospecimen inventory (LOCAL_BIOSPECIMEN_INVENTORY_REQUIRED = TRUE)	False	Oksa EOI slow vs fast | Li C1 vs C2	False
CCSER1	NOT_CONCORDANT	-1.00338945516538	0.0818897349684487	0.537552321904147	0.2534887749737859			False	1.00338945516538	False		not_assessable_in_TARGET	not_assessable_in_TARGET				NOT_AVAILABLE - no biospecimen inventory (LOCAL_BIOSPECIMEN_INVENTORY_REQUIRED = TRUE)	False	Oksa EOI slow vs fast | Li C1 vs C2	False
TFEC	NOT_CONCORDANT	-0.795410907186042	0.101319587657418	0.569973602249713	0.4831490779394333			False	0.795410907186042	False	1.4131289104300324	assessable	discordant_with_both	False			NOT_AVAILABLE - no biospecimen inventory (LOCAL_BIOSPECIMEN_INVENTORY_REQUIRED = TRUE)	False	Oksa EOI slow vs fast | Li C1 vs C2	False
TBC1D12	NOT_CONCORDANT	-0.9512022651959	0.152600381571639	0.627944897283206	0.5523591069309665			False	0.9512022651959	False		not_assessable_in_TARGET	not_assessable_in_TARGET				NOT_AVAILABLE - no biospecimen inventory (LOCAL_BIOSPECIMEN_INVENTORY_REQUIRED = TRUE)	False	Oksa EOI slow vs fast | Li C1 vs C2	False
PLXDC2	NOT_CONCORDANT	-1.0516462523423	0.212509307262066	0.679067872927279	0.5060833145380483			False	1.0516462523423	False	0.5003958910242852	assessable	discordant_with_both	False			NOT_AVAILABLE - no biospecimen inventory (LOCAL_BIOSPECIMEN_INVENTORY_REQUIRED = TRUE)	False	Oksa EOI slow vs fast | Li C1 vs C2	False
PATJ	NOT_CONCORDANT	-0.4746003933347	0.241063495282969	0.700959957744454	0.2810916581065948			False	0.4746003933347	False	-0.2540453963336467	assessable	TARGET_only_concordant	True			NOT_AVAILABLE - no biospecimen inventory (LOCAL_BIOSPECIMEN_INVENTORY_REQUIRED = TRUE)	False	Oksa EOI slow vs fast | Li C1 vs C2	False
GALNT3	NOT_CONCORDANT	-0.464594534482138	0.261228052513622	0.711685829333561	0.4794014493581384			False	0.464594534482138	False	0.5307859866095402	assessable	discordant_with_both	False			NOT_AVAILABLE - no biospecimen inventory (LOCAL_BIOSPECIMEN_INVENTORY_REQUIRED = TRUE)	False	Oksa EOI slow vs fast | Li C1 vs C2	False
ZSCAN23	NOT_CONCORDANT	-0.610462959393435	0.313191942217696	0.74528766474261	0.1464205666224445			False	0.610462959393435	False		not_assessable_in_TARGET	not_assessable_in_TARGET				NOT_AVAILABLE - no biospecimen inventory (LOCAL_BIOSPECIMEN_INVENTORY_REQUIRED = TRUE)	False	Oksa EOI slow vs fast | Li C1 vs C2	False
ST14	NOT_CONCORDANT	-0.536770462644524	0.333460748079325	0.757541736430748	0.1646054024669127			False	0.536770462644524	False	0.0098418099943395	assessable	discordant_with_both	False			NOT_AVAILABLE - no biospecimen inventory (LOCAL_BIOSPECIMEN_INVENTORY_REQUIRED = TRUE)	False	Oksa EOI slow vs fast | Li C1 vs C2	False
XKR6	NOT_CONCORDANT	-0.42673413658976	0.443039299347076	0.814042606258301	0.3795205567066895			False	0.42673413658976	False	-0.9132791628207916	assessable	TARGET_only_concordant	True			NOT_AVAILABLE - no biospecimen inventory (LOCAL_BIOSPECIMEN_INVENTORY_REQUIRED = TRUE)	False	Oksa EOI slow vs fast | Li C1 vs C2	False
ZDBF2	NOT_CONCORDANT	-0.408113742485334	0.465577595896343	0.825434804592828	0.0500078522642562			False	0.408113742485334	False	-0.7330728525176813	assessable	TARGET_only_concordant	True			NOT_AVAILABLE - no biospecimen inventory (LOCAL_BIOSPECIMEN_INVENTORY_REQUIRED = TRUE)	False	Oksa EOI slow vs fast | Li C1 vs C2	False
BNC2	NOT_CONCORDANT	-0.441676948542828	0.468592548865458	0.826201085372209	0.3080978534876814			False	0.441676948542828	False		not_assessable_in_TARGET	not_assessable_in_TARGET				NOT_AVAILABLE - no biospecimen inventory (LOCAL_BIOSPECIMEN_INVENTORY_REQUIRED = TRUE)	False	Oksa EOI slow vs fast | Li C1 vs C2	False
ABCB1	NOT_CONCORDANT	-0.261040963695666	0.540612868738249	0.85953935656208	0.2074090247808368			False	0.261040963695666	False	-0.0877504639902494	assessable	TARGET_only_concordant	True	Vincristine		NOT_AVAILABLE - no biospecimen inventory (LOCAL_BIOSPECIMEN_INVENTORY_REQUIRED = TRUE)	False	Oksa EOI slow vs fast | Li C1 vs C2	False
F3	NOT_CONCORDANT	0.453241019326271	0.580072544699342	0.875472353248196	-0.0780441176566476			False	0.453241019326271	False		not_assessable_in_TARGET	not_assessable_in_TARGET				NOT_AVAILABLE - no biospecimen inventory (LOCAL_BIOSPECIMEN_INVENTORY_REQUIRED = TRUE)	False	Oksa EOI slow vs fast | Li C1 vs C2	False
IL10	NOT_CONCORDANT	-0.475817298391312	0.584475590720311	0.877430094346218	0.0814326920994276			False	0.475817298391312	False	-0.6477663392604213	assessable	TARGET_only_concordant	True			NOT_AVAILABLE - no biospecimen inventory (LOCAL_BIOSPECIMEN_INVENTORY_REQUIRED = TRUE)	False	Oksa EOI slow vs fast | Li C1 vs C2	False
PHGDH	NOT_CONCORDANT	0.294819009616513	0.626766718524774	0.893600759394042	-0.7968608232794062			False	0.294819009616513	False	-0.8093288470218946	assessable	discordant_with_both	False			NOT_AVAILABLE - no biospecimen inventory (LOCAL_BIOSPECIMEN_INVENTORY_REQUIRED = TRUE)	False	Oksa EOI slow vs fast | Li C1 vs C2	False
FBLN5	NOT_CONCORDANT	0.156163783161079	0.721450545844375	0.927458480887442	-0.6415394555174053			False	0.156163783161079	False		not_assessable_in_TARGET	not_assessable_in_TARGET				NOT_AVAILABLE - no biospecimen inventory (LOCAL_BIOSPECIMEN_INVENTORY_REQUIRED = TRUE)	False	Oksa EOI slow vs fast | Li C1 vs C2	False
GYG2	NOT_CONCORDANT	0.159347706219492	0.812526227939147	0.953496510476397	-0.5151632760685119			False	0.159347706219492	False		not_assessable_in_TARGET	not_assessable_in_TARGET				NOT_AVAILABLE - no biospecimen inventory (LOCAL_BIOSPECIMEN_INVENTORY_REQUIRED = TRUE)	False	Oksa EOI slow vs fast | Li C1 vs C2	False
TES	NOT_CONCORDANT	-0.103356772668401	0.817750850135633	0.954735837720655	0.3440047523981892			False	0.103356772668401	False	-0.2408459607578135	assessable	TARGET_only_concordant	True			NOT_AVAILABLE - no biospecimen inventory (LOCAL_BIOSPECIMEN_INVENTORY_REQUIRED = TRUE)	False	Oksa EOI slow vs fast | Li C1 vs C2	False
FOXL1	NOT_CONCORDANT	0.225203275431293	0.829427655907995	0.957667487410893	-0.0015854954951247			False	0.225203275431293	False		not_assessable_in_TARGET	not_assessable_in_TARGET				NOT_AVAILABLE - no biospecimen inventory (LOCAL_BIOSPECIMEN_INVENTORY_REQUIRED = TRUE)	False	Oksa EOI slow vs fast | Li C1 vs C2	False
NRXN2	NOT_CONCORDANT	0.148334780290007	0.852447548049264	0.963509452623738	-0.7358475752966234			False	0.148334780290007	False	0.1838923289644654	assessable	TARGET_only_concordant	True			NOT_AVAILABLE - no biospecimen inventory (LOCAL_BIOSPECIMEN_INVENTORY_REQUIRED = TRUE)	False	Oksa EOI slow vs fast | Li C1 vs C2	False
PLEKHG3	NOT_CONCORDANT	-0.0733944583475616	0.861330507273432	0.965989938791266	1.1278642640145398			False	0.0733944583475616	False	0.2068944864683367	assessable	discordant_with_both	False			NOT_AVAILABLE - no biospecimen inventory (LOCAL_BIOSPECIMEN_INVENTORY_REQUIRED = TRUE)	False	Oksa EOI slow vs fast | Li C1 vs C2	False
GABRA4	NOT_CONCORDANT	0.178696444194071	0.874175996459482	0.970890413876533	-1.0378347154268728			False	0.178696444194071	False		not_assessable_in_TARGET	not_assessable_in_TARGET				NOT_AVAILABLE - no biospecimen inventory (LOCAL_BIOSPECIMEN_INVENTORY_REQUIRED = TRUE)	False	Oksa EOI slow vs fast | Li C1 vs C2	False
LDB2	NOT_CONCORDANT	0.0960190667040549	0.899458111519327	0.977477954047297	-0.5675485931693462			False	0.0960190667040549	False	-1.031687525281156	assessable	discordant_with_both	False			NOT_AVAILABLE - no biospecimen inventory (LOCAL_BIOSPECIMEN_INVENTORY_REQUIRED = TRUE)	False	Oksa EOI slow vs fast | Li C1 vs C2	False
ZNF835	NOT_CONCORDANT	0.0384247938538818	0.934182770044367	0.985966334809892	-0.0178061531990306			False	0.0384247938538818	False		not_assessable_in_TARGET	not_assessable_in_TARGET				NOT_AVAILABLE - no biospecimen inventory (LOCAL_BIOSPECIMEN_INVENTORY_REQUIRED = TRUE)	False	Oksa EOI slow vs fast | Li C1 vs C2	False
NUAK2	NOT_CONCORDANT	-0.0351802342858374	0.957120602407055	0.991551887629357	0.1996326145227068			False	0.0351802342858374	False	-0.2149760516280756	assessable	TARGET_only_concordant	True			NOT_AVAILABLE - no biospecimen inventory (LOCAL_BIOSPECIMEN_INVENTORY_REQUIRED = TRUE)	False	Oksa EOI slow vs fast | Li C1 vs C2	False
FRZB	NOT_CONCORDANT	0.0396989458105925	0.962528975290677	0.99267039268748	-1.065484646341868			False	0.0396989458105925	False		not_assessable_in_TARGET	not_assessable_in_TARGET				NOT_AVAILABLE - no biospecimen inventory (LOCAL_BIOSPECIMEN_INVENTORY_REQUIRED = TRUE)	False	Oksa EOI slow vs fast | Li C1 vs C2	False
ALCAM	NOT_CONCORDANT	-0.0137088691262912	0.971835922965755	0.994791077500691	0.9055378557339444			False	0.0137088691262912	False	-0.0932118021462393	assessable	TARGET_only_concordant	True			NOT_AVAILABLE - no biospecimen inventory (LOCAL_BIOSPECIMEN_INVENTORY_REQUIRED = TRUE)	False	Oksa EOI slow vs fast | Li C1 vs C2	False
STX1A	NOT_CONCORDANT	-0.0166572664890072	0.978729414461104	0.996020041007256	0.1245724419318382			False	0.0166572664890072	False	0.901430848155628	assessable	discordant_with_both	False			NOT_AVAILABLE - no biospecimen inventory (LOCAL_BIOSPECIMEN_INVENTORY_REQUIRED = TRUE)	False	Oksa EOI slow vs fast | Li C1 vs C2	False
SHE	TIER_1	3.56122355799133	9.84596479002028e-07	0.0048215689576729	1.3227219986761565			True	3.56122355799133	True		not_assessable_in_TARGET	not_assessable_in_TARGET			0.08	NOT_AVAILABLE - no biospecimen inventory (LOCAL_BIOSPECIMEN_INVENTORY_REQUIRED = TRUE)	True	Oksa EOI slow vs fast | Li C1 vs C2	True
GATA2	TIER_1	2.32883506759674	8.67342133252585e-06	0.0169894977061516	1.486028956439295			True	2.32883506759674	True	0.1013628188781116	assessable	shared_B_ALL_programme	True		2.13	NOT_AVAILABLE - no biospecimen inventory (LOCAL_BIOSPECIMEN_INVENTORY_REQUIRED = TRUE)	False	Oksa EOI slow vs fast | Li C1 vs C2	True
MID1	TIER_1	-2.1222100204494	1.20329843030294e-05	0.0181309305021338	-0.9349174189686472			True	2.1222100204494	True	-0.6105761256266057	assessable	shared_B_ALL_programme	True		0.31	NOT_AVAILABLE - no biospecimen inventory (LOCAL_BIOSPECIMEN_INVENTORY_REQUIRED = TRUE)	False	Oksa EOI slow vs fast | Li C1 vs C2	True
MPV17L	TIER_1	2.50556724099023	2.2289042234283e-05	0.027287359955321	1.2766113012151394			True	2.50556724099023	True	-0.8437967329145564	assessable	ETV6_enriched_candidate	False		0.74	NOT_AVAILABLE - no biospecimen inventory (LOCAL_BIOSPECIMEN_INVENTORY_REQUIRED = TRUE)	False	Oksa EOI slow vs fast | Li C1 vs C2	True
ANPEP	TIER_1	1.75667323792258	2.52443472416764e-05	0.0279700731211348	1.1961847600772817			True	1.75667323792258	True	0.9202974287358844	assessable	shared_B_ALL_programme	True		2.8	NOT_AVAILABLE - no biospecimen inventory (LOCAL_BIOSPECIMEN_INVENTORY_REQUIRED = TRUE)	False	Oksa EOI slow vs fast | Li C1 vs C2	True
SERPINI2	TIER_1	-2.47228665768228	6.99800394902947e-05	0.0380839983123758	-0.306522119165421			True	2.47228665768228	True	0.5580457721482243	assessable	ETV6_enriched_candidate	False			NOT_AVAILABLE - no biospecimen inventory (LOCAL_BIOSPECIMEN_INVENTORY_REQUIRED = TRUE)	False	Oksa EOI slow vs fast | Li C1 vs C2	True
UCK2	TIER_1	1.54335455799237	5.03439003563932e-05	0.0380839983123758	0.925676958942669			True	1.54335455799237	True	-0.3096157466213464	assessable	ETV6_enriched_candidate	False		1.96	NOT_AVAILABLE - no biospecimen inventory (LOCAL_BIOSPECIMEN_INVENTORY_REQUIRED = TRUE)	False	Oksa EOI slow vs fast | Li C1 vs C2	True
ANKRD30B	TIER_2	4.34737761393592	0.0001385702812277	0.0565482222643426	0.9513863298792472			True	4.34737761393592	True		not_assessable_in_TARGET	not_assessable_in_TARGET			2.265	NOT_AVAILABLE - no biospecimen inventory (LOCAL_BIOSPECIMEN_INVENTORY_REQUIRED = TRUE)	False	Oksa EOI slow vs fast | Li C1 vs C2	False
ATP9A	TIER_2	1.82015789474967	0.0001629778476824	0.0577210979371918	1.311566109698772			True	1.82015789474967	True	0.5492236224515636	assessable	shared_B_ALL_programme	True		2.195	NOT_AVAILABLE - no biospecimen inventory (LOCAL_BIOSPECIMEN_INVENTORY_REQUIRED = TRUE)	False	Oksa EOI slow vs fast | Li C1 vs C2	False
LRFN2	TIER_2	-2.28379371417991	0.000270136501546	0.0758094388161623	-1.1109284241079471			True	2.28379371417991	True		not_assessable_in_TARGET	not_assessable_in_TARGET			0.405	NOT_AVAILABLE - no biospecimen inventory (LOCAL_BIOSPECIMEN_INVENTORY_REQUIRED = TRUE)	False	Oksa EOI slow vs fast | Li C1 vs C2	False
B3GALNT1	TIER_2	1.68124884853856	0.0002603140516173	0.0758094388161623	0.9321573600724514			True	1.68124884853856	True		not_assessable_in_TARGET	not_assessable_in_TARGET			0.6499999999999999	NOT_AVAILABLE - no biospecimen inventory (LOCAL_BIOSPECIMEN_INVENTORY_REQUIRED = TRUE)	False	Oksa EOI slow vs fast | Li C1 vs C2	False
SEZ6L	TIER_2	-2.65801070537388	0.0004623338439127	0.0924101564751304	-0.747034242248606			True	2.65801070537388	True		not_assessable_in_TARGET	not_assessable_in_TARGET			0.16	NOT_AVAILABLE - no biospecimen inventory (LOCAL_BIOSPECIMEN_INVENTORY_REQUIRED = TRUE)	False	Oksa EOI slow vs fast | Li C1 vs C2	False
RGCC	TIER_2	1.82200750637238	0.0004510595262489	0.0924101564751304	1.1527544079285592			True	1.82200750637238	True	1.1767868632008762	assessable	shared_B_ALL_programme	True		16.835	NOT_AVAILABLE - no biospecimen inventory (LOCAL_BIOSPECIMEN_INVENTORY_REQUIRED = TRUE)	False	Oksa EOI slow vs fast | Li C1 vs C2	False
SALL4	TIER_2	2.36165979724402	0.0006297578136516	0.106611100713059	1.2139615661738836			True	2.36165979724402	True		not_assessable_in_TARGET	not_assessable_in_TARGET			1.46	NOT_AVAILABLE - no biospecimen inventory (LOCAL_BIOSPECIMEN_INVENTORY_REQUIRED = TRUE)	False	Oksa EOI slow vs fast | Li C1 vs C2	False
DLGAP3	TIER_2	1.84336645751271	0.0006818124501503	0.108580018484101	1.104470733792439			True	1.84336645751271	True	1.425764598744305	assessable	shared_B_ALL_programme	True		0.635	NOT_AVAILABLE - no biospecimen inventory (LOCAL_BIOSPECIMEN_INVENTORY_REQUIRED = TRUE)	False	Oksa EOI slow vs fast | Li C1 vs C2	False
SDC4	TIER_2	2.00232511279366	0.0009339196239053	0.12171749322283	0.6863907796483493			True	2.00232511279366	True		not_assessable_in_TARGET	not_assessable_in_TARGET			0.855	NOT_AVAILABLE - no biospecimen inventory (LOCAL_BIOSPECIMEN_INVENTORY_REQUIRED = TRUE)	False	Oksa EOI slow vs fast | Li C1 vs C2	False
DAPK1	TIER_2	1.55239843521452	0.0012935263779848	0.130606158206013	1.462523570985115			True	1.55239843521452	True	1.0031269702089778	assessable	shared_B_ALL_programme	True		5.09	NOT_AVAILABLE - no biospecimen inventory (LOCAL_BIOSPECIMEN_INVENTORY_REQUIRED = TRUE)	False	Oksa EOI slow vs fast | Li C1 vs C2	False
SGCZ	TIER_2	2.18231570045744	0.0014309471738768	0.137108963877981	0.5852073374922463			True	2.18231570045744	True		not_assessable_in_TARGET	not_assessable_in_TARGET			0.03	NOT_AVAILABLE - no biospecimen inventory (LOCAL_BIOSPECIMEN_INVENTORY_REQUIRED = TRUE)	False	Oksa EOI slow vs fast | Li C1 vs C2	False
MGAT5B	TIER_2	-1.53978183054412	0.0018679983423537	0.151437300493092	-0.9057697408420372			True	1.53978183054412	True	0.009072732611249	assessable	ETV6_enriched_candidate	False		0.765	NOT_AVAILABLE - no biospecimen inventory (LOCAL_BIOSPECIMEN_INVENTORY_REQUIRED = TRUE)	False	Oksa EOI slow vs fast | Li C1 vs C2	False
NEO1	TIER_2	-1.48415432820759	0.001857863615621	0.151437300493092	-1.1663386677014431			True	1.48415432820759	True	-0.2033057909991407	assessable	shared_B_ALL_programme	True		1.475	NOT_AVAILABLE - no biospecimen inventory (LOCAL_BIOSPECIMEN_INVENTORY_REQUIRED = TRUE)	False	Oksa EOI slow vs fast | Li C1 vs C2	False
PABPC4L	TIER_2	2.76274149268956	0.0025112118244183	0.170797282002455	0.6354894573095156			True	2.76274149268956	True		not_assessable_in_TARGET	not_assessable_in_TARGET			0.155	NOT_AVAILABLE - no biospecimen inventory (LOCAL_BIOSPECIMEN_INVENTORY_REQUIRED = TRUE)	False	Oksa EOI slow vs fast | Li C1 vs C2	False
ACY3	TIER_2	-1.60928510030308	0.002707773854642	0.174838539975437	-0.5363184742801406			True	1.60928510030308	True	-0.004189605722503	assessable	shared_B_ALL_programme	True		1.625	NOT_AVAILABLE - no biospecimen inventory (LOCAL_BIOSPECIMEN_INVENTORY_REQUIRED = TRUE)	False	Oksa EOI slow vs fast | Li C1 vs C2	False
CABLES1	TIER_2	2.09891079214713	0.0028487848894381	0.180030169755434	0.9193866775763132			True	2.09891079214713	True	-0.6723313575893651	assessable	ETV6_enriched_candidate	False		0.9	NOT_AVAILABLE - no biospecimen inventory (LOCAL_BIOSPECIMEN_INVENTORY_REQUIRED = TRUE)	False	Oksa EOI slow vs fast | Li C1 vs C2	False
CNKSR3	TIER_2	1.48930924756135	0.0029185236475538	0.180340824000899	1.0548665298392583			True	1.48930924756135	True	1.7212843604870491	assessable	shared_B_ALL_programme	True		0.48	NOT_AVAILABLE - no biospecimen inventory (LOCAL_BIOSPECIMEN_INVENTORY_REQUIRED = TRUE)	False	Oksa EOI slow vs fast | Li C1 vs C2	False
AKR1E2	TIER_2	1.60830804926489	0.0033717091576472	0.193680466216992	0.6272824080594012			True	1.60830804926489	True		not_assessable_in_TARGET	not_assessable_in_TARGET			0.2	NOT_AVAILABLE - no biospecimen inventory (LOCAL_BIOSPECIMEN_INVENTORY_REQUIRED = TRUE)	False	Oksa EOI slow vs fast | Li C1 vs C2	False
FAM171A1	TIER_2	-1.71131095640453	0.0033838021568285	0.193806773824437	-0.8038136064524168			True	1.71131095640453	True	-0.1366060220675872	assessable	shared_B_ALL_programme	True		5.6899999999999995	NOT_AVAILABLE - no biospecimen inventory (LOCAL_BIOSPECIMEN_INVENTORY_REQUIRED = TRUE)	False	Oksa EOI slow vs fast | Li C1 vs C2	False
ELFN1	TIER_2	-2.35112736125767	0.003966242817666	0.19920708798062	-1.03473889804079			True	2.35112736125767	True	1.6098624639625323	assessable	ETV6_enriched_candidate	False		0.935	NOT_AVAILABLE - no biospecimen inventory (LOCAL_BIOSPECIMEN_INVENTORY_REQUIRED = TRUE)	False	Oksa EOI slow vs fast | Li C1 vs C2	False
FAM124B	TIER_2	1.51575921278213	0.0039543138801606	0.19920708798062	1.0355484326839912			True	1.51575921278213	True	0.5155492322810445	assessable	shared_B_ALL_programme	True		0.395	NOT_AVAILABLE - no biospecimen inventory (LOCAL_BIOSPECIMEN_INVENTORY_REQUIRED = TRUE)	False	Oksa EOI slow vs fast | Li C1 vs C2	False
B4GALNT4	TIER_2	2.48322438926198	0.0042965802000574	0.208320329105756	0.5158574277204638			True	2.48322438926198	True		not_assessable_in_TARGET	not_assessable_in_TARGET			0.06	NOT_AVAILABLE - no biospecimen inventory (LOCAL_BIOSPECIMEN_INVENTORY_REQUIRED = TRUE)	False	Oksa EOI slow vs fast | Li C1 vs C2	False
CDH2	TIER_2	3.14699470110835	0.0050366786789188	0.225055803276425	0.6555098628106566			True	3.14699470110835	True		not_assessable_in_TARGET	not_assessable_in_TARGET			2.0	NOT_AVAILABLE - no biospecimen inventory (LOCAL_BIOSPECIMEN_INVENTORY_REQUIRED = TRUE)	False	Oksa EOI slow vs fast | Li C1 vs C2	False
STAB1	TIER_2	2.01784390972649	0.0050234374156095	0.225055803276425	1.084471873504676			True	2.01784390972649	True	1.673545850962698	assessable	shared_B_ALL_programme	True		1.12	NOT_AVAILABLE - no biospecimen inventory (LOCAL_BIOSPECIMEN_INVENTORY_REQUIRED = TRUE)	False	Oksa EOI slow vs fast | Li C1 vs C2	False
MDFI	TIER_2	-2.04746063326892	0.0050839622111583	0.226328754073115	-0.571747330280553			True	2.04746063326892	True		not_assessable_in_TARGET	not_assessable_in_TARGET			1.39	NOT_AVAILABLE - no biospecimen inventory (LOCAL_BIOSPECIMEN_INVENTORY_REQUIRED = TRUE)	False	Oksa EOI slow vs fast | Li C1 vs C2	False
NRG3	TIER_2	-3.59480281666411	0.0052087505855886	0.228490804088254	-0.390133880910735			True	3.59480281666411	True		not_assessable_in_TARGET	not_assessable_in_TARGET				NOT_AVAILABLE - no biospecimen inventory (LOCAL_BIOSPECIMEN_INVENTORY_REQUIRED = TRUE)	False	Oksa EOI slow vs fast | Li C1 vs C2	False
HS3ST4	TIER_2	-3.22974146552778	0.0064101910515561	0.247146437905032	-0.6690744105255317			True	3.22974146552778	True		not_assessable_in_TARGET	not_assessable_in_TARGET			1.145	NOT_AVAILABLE - no biospecimen inventory (LOCAL_BIOSPECIMEN_INVENTORY_REQUIRED = TRUE)	False	Oksa EOI slow vs fast | Li C1 vs C2	False
IL12A	TIER_2	1.5023137268102	0.0063984074398327	0.247146437905032	0.6520940350817662			True	1.5023137268102	True	0.5468310725448657	assessable	shared_B_ALL_programme	True		0.585	NOT_AVAILABLE - no biospecimen inventory (LOCAL_BIOSPECIMEN_INVENTORY_REQUIRED = TRUE)	False	Oksa EOI slow vs fast | Li C1 vs C2	False
CREG2	TIER_2	1.81499289484808	0.0071718166562507	0.258094338304142	1.1918805684256035			True	1.81499289484808	True		not_assessable_in_TARGET	not_assessable_in_TARGET			0.19	NOT_AVAILABLE - no biospecimen inventory (LOCAL_BIOSPECIMEN_INVENTORY_REQUIRED = TRUE)	False	Oksa EOI slow vs fast | Li C1 vs C2	False
UGT3A2	TIER_2	-1.89902516639793	0.0074266964294981	0.262699771780182	-0.4232230899370306			True	1.89902516639793	True	-0.3284776747402226	assessable	shared_B_ALL_programme	True			NOT_AVAILABLE - no biospecimen inventory (LOCAL_BIOSPECIMEN_INVENTORY_REQUIRED = TRUE)	False	Oksa EOI slow vs fast | Li C1 vs C2	False
CYP4F22	TIER_2	-2.25447434359011	0.0076319191479818	0.264631737573601	-0.6612248708598665			True	2.25447434359011	True		not_assessable_in_TARGET	not_assessable_in_TARGET			0.8049999999999999	NOT_AVAILABLE - no biospecimen inventory (LOCAL_BIOSPECIMEN_INVENTORY_REQUIRED = TRUE)	False	Oksa EOI slow vs fast | Li C1 vs C2	False
NPR3	TIER_2	1.56560897909236	0.0086775346107169	0.275070244374424	0.8806757936346064			True	1.56560897909236	True	1.440405592217418	assessable	shared_B_ALL_programme	True		2.33	NOT_AVAILABLE - no biospecimen inventory (LOCAL_BIOSPECIMEN_INVENTORY_REQUIRED = TRUE)	False	Oksa EOI slow vs fast | Li C1 vs C2	False
TNR	TIER_2	-1.83503847026261	0.0089452694172978	0.276011694717815	-0.6487635199987025			True	1.83503847026261	True		not_assessable_in_TARGET	not_assessable_in_TARGET			0.265	NOT_AVAILABLE - no biospecimen inventory (LOCAL_BIOSPECIMEN_INVENTORY_REQUIRED = TRUE)	False	Oksa EOI slow vs fast | Li C1 vs C2	False
RIMBP3C	TIER_2	-1.94517679183355	0.0114623164672911	0.294283882751912	-0.6610257702197007			True	1.94517679183355	True		not_assessable_in_TARGET	not_assessable_in_TARGET			0.06	NOT_AVAILABLE - no biospecimen inventory (LOCAL_BIOSPECIMEN_INVENTORY_REQUIRED = TRUE)	False	Oksa EOI slow vs fast | Li C1 vs C2	False
TFAP2A	TIER_2	-1.88186356887478	0.0136972331087846	0.308951944400535	-0.6397906462213286			True	1.88186356887478	True		not_assessable_in_TARGET	not_assessable_in_TARGET			0.26	NOT_AVAILABLE - no biospecimen inventory (LOCAL_BIOSPECIMEN_INVENTORY_REQUIRED = TRUE)	False	Oksa EOI slow vs fast | Li C1 vs C2	False
KLHDC7A	TIER_2	-2.38598087286329	0.0138242173818244	0.309172593578311	-0.6272888250753353			True	2.38598087286329	True		not_assessable_in_TARGET	not_assessable_in_TARGET			0.03	NOT_AVAILABLE - no biospecimen inventory (LOCAL_BIOSPECIMEN_INVENTORY_REQUIRED = TRUE)	False	Oksa EOI slow vs fast | Li C1 vs C2	False
ROR1	TIER_2	-2.84279587004518	0.0142469612638701	0.313864329223584	-0.9192128397961358			True	2.84279587004518	True		not_assessable_in_TARGET	not_assessable_in_TARGET			0.385	NOT_AVAILABLE - no biospecimen inventory (LOCAL_BIOSPECIMEN_INVENTORY_REQUIRED = TRUE)	False	Oksa EOI slow vs fast | Li C1 vs C2	False
SERTAD4	TIER_2	1.96245665115827	0.0164024060050815	0.326840127494519	1.1613638183247943			True	1.96245665115827	True		not_assessable_in_TARGET	not_assessable_in_TARGET			0.06	NOT_AVAILABLE - no biospecimen inventory (LOCAL_BIOSPECIMEN_INVENTORY_REQUIRED = TRUE)	False	Oksa EOI slow vs fast | Li C1 vs C2	False
FHAD1	TIER_2	1.67597885327684	0.0201495917704547	0.355190945857729	0.7273678497313447			True	1.67597885327684	True	-0.4871927992835245	assessable	ETV6_enriched_candidate	False		0.13	NOT_AVAILABLE - no biospecimen inventory (LOCAL_BIOSPECIMEN_INVENTORY_REQUIRED = TRUE)	False	Oksa EOI slow vs fast | Li C1 vs C2	False
ABCA9	TIER_2	-2.47246313200142	0.0218067326869743	0.363039609670694	-1.2500733967429123			True	2.47246313200142	True		not_assessable_in_TARGET	not_assessable_in_TARGET			1.6	NOT_AVAILABLE - no biospecimen inventory (LOCAL_BIOSPECIMEN_INVENTORY_REQUIRED = TRUE)	False	Oksa EOI slow vs fast | Li C1 vs C2	False
CHRNB4	TIER_2	1.70322163372244	0.0226493953647997	0.366240669639774	1.082118917685261			True	1.70322163372244	True	0.4241500460724008	assessable	shared_B_ALL_programme	True		0.13	NOT_AVAILABLE - no biospecimen inventory (LOCAL_BIOSPECIMEN_INVENTORY_REQUIRED = TRUE)	False	Oksa EOI slow vs fast | Li C1 vs C2	False
CUX2	TIER_2	-1.55591271375597	0.0227256247295796	0.366240669639774	-0.6955545033716497			True	1.55591271375597	True	-1.1021590723193615	assessable	shared_B_ALL_programme	True		0.14500000000000002	NOT_AVAILABLE - no biospecimen inventory (LOCAL_BIOSPECIMEN_INVENTORY_REQUIRED = TRUE)	False	Oksa EOI slow vs fast | Li C1 vs C2	False
ATP6V0A4	TIER_2	1.53309283198945	0.0351942641601611	0.42305187942193	0.2228440788730618			True	1.53309283198945	True		not_assessable_in_TARGET	not_assessable_in_TARGET				NOT_AVAILABLE - no biospecimen inventory (LOCAL_BIOSPECIMEN_INVENTORY_REQUIRED = TRUE)	False	Oksa EOI slow vs fast | Li C1 vs C2	False
NRIP3	TIER_2	1.64788667343528	0.0438898925528038	0.450154743345123	0.4716318456451087			True	1.64788667343528	True	0.4263165767253807	assessable	shared_B_ALL_programme	True			NOT_AVAILABLE - no biospecimen inventory (LOCAL_BIOSPECIMEN_INVENTORY_REQUIRED = TRUE)	False	Oksa EOI slow vs fast | Li C1 vs C2	False
NTRK1	TIER_2	-2.11612168674574	0.0512365333161944	0.472514696138237	-0.6250840326662249			True	2.11612168674574	True	-0.1630649568800043	assessable	shared_B_ALL_programme	True		0.575	NOT_AVAILABLE - no biospecimen inventory (LOCAL_BIOSPECIMEN_INVENTORY_REQUIRED = TRUE)	False	Oksa EOI slow vs fast | Li C1 vs C2	False
PCDHB16	TIER_2	-1.85617942836299	0.0670707092288953	0.511563922803716	-0.1863739674628343			True	1.85617942836299	True		not_assessable_in_TARGET	not_assessable_in_TARGET				NOT_AVAILABLE - no biospecimen inventory (LOCAL_BIOSPECIMEN_INVENTORY_REQUIRED = TRUE)	False	Oksa EOI slow vs fast | Li C1 vs C2	False
EFEMP1	TIER_2	-1.90518501801758	0.104685255884457	0.576327934869235	-1.221462687693257			True	1.90518501801758	True		not_assessable_in_TARGET	not_assessable_in_TARGET			2.96	NOT_AVAILABLE - no biospecimen inventory (LOCAL_BIOSPECIMEN_INVENTORY_REQUIRED = TRUE)	False	Oksa EOI slow vs fast | Li C1 vs C2	False
INHBB	TIER_2	1.61580567965516	0.234253274222497	0.696947291770073	0.3204019355973518			True	1.61580567965516	True		not_assessable_in_TARGET	not_assessable_in_TARGET				NOT_AVAILABLE - no biospecimen inventory (LOCAL_BIOSPECIMEN_INVENTORY_REQUIRED = TRUE)	False	Oksa EOI slow vs fast | Li C1 vs C2	False
SLC2A8	TIER_3	1.43237281048111	0.0036442034737455	0.194331172790808	0.9478025654136052			True	1.43237281048111	False	0.5097709938981327	assessable	shared_B_ALL_programme	True		0.445	NOT_AVAILABLE - no biospecimen inventory (LOCAL_BIOSPECIMEN_INVENTORY_REQUIRED = TRUE)	False	Oksa EOI slow vs fast | Li C1 vs C2	False
CAMSAP2	TIER_3	-1.25694412809224	0.0035668778144469	0.194331172790808	-1.197956979406956			True	1.25694412809224	False	-0.0778060618368668	assessable	shared_B_ALL_programme	True		0.9	NOT_AVAILABLE - no biospecimen inventory (LOCAL_BIOSPECIMEN_INVENTORY_REQUIRED = TRUE)	False	Oksa EOI slow vs fast | Li C1 vs C2	False
SLC6A20	TIER_3	1.47607838461295	0.0052375112842365	0.228490804088254	1.2809808959524074			True	1.47607838461295	False		not_assessable_in_TARGET	not_assessable_in_TARGET			0.265	NOT_AVAILABLE - no biospecimen inventory (LOCAL_BIOSPECIMEN_INVENTORY_REQUIRED = TRUE)	False	Oksa EOI slow vs fast | Li C1 vs C2	False
RIBC2	TIER_3	-1.16451751631372	0.008173225047895	0.271705824604276	-0.2909127063560908			True	1.16451751631372	False	0.2066007665311201	assessable	ETV6_enriched_candidate	False			NOT_AVAILABLE - no biospecimen inventory (LOCAL_BIOSPECIMEN_INVENTORY_REQUIRED = TRUE)	False	Oksa EOI slow vs fast | Li C1 vs C2	False
XDH	TIER_3	-1.37408668152445	0.0104834228671115	0.285092382651651	-0.929029980460332			True	1.37408668152445	False		not_assessable_in_TARGET	not_assessable_in_TARGET			0.18	NOT_AVAILABLE - no biospecimen inventory (LOCAL_BIOSPECIMEN_INVENTORY_REQUIRED = TRUE)	False	Oksa EOI slow vs fast | Li C1 vs C2	False
P4HA2	TIER_3	-1.4456100541266	0.0114862610406233	0.294283882751912	-0.8810930941014777			True	1.4456100541266	False	-0.4767022802264076	assessable	shared_B_ALL_programme	True		0.9049999999999999	NOT_AVAILABLE - no biospecimen inventory (LOCAL_BIOSPECIMEN_INVENTORY_REQUIRED = TRUE)	False	Oksa EOI slow vs fast | Li C1 vs C2	False
GSDME	TIER_3	-1.44228068101502	0.0143890981176998	0.313864329223584	-0.8190252614530109			True	1.44228068101502	False	-0.725265847306113	assessable	shared_B_ALL_programme	True		0.25	NOT_AVAILABLE - no biospecimen inventory (LOCAL_BIOSPECIMEN_INVENTORY_REQUIRED = TRUE)	False	Oksa EOI slow vs fast | Li C1 vs C2	False
TPO	TIER_3	1.37223306945563	0.0181897696558922	0.341586718753463	1.01277561732234			True	1.37223306945563	False	0.5782490017258769	assessable	shared_B_ALL_programme	True		0.02	NOT_AVAILABLE - no biospecimen inventory (LOCAL_BIOSPECIMEN_INVENTORY_REQUIRED = TRUE)	False	Oksa EOI slow vs fast | Li C1 vs C2	False
TMEM52	TIER_3	-1.45698973162095	0.0190487244385822	0.346304101157317	-0.7078517805501124			True	1.45698973162095	False	-0.0216699077835482	assessable	shared_B_ALL_programme	True		0.45499999999999996	NOT_AVAILABLE - no biospecimen inventory (LOCAL_BIOSPECIMEN_INVENTORY_REQUIRED = TRUE)	False	Oksa EOI slow vs fast | Li C1 vs C2	False
APCDD1	TIER_3	-0.974433941687253	0.020676707016897	0.359067005551893	-0.5828822099909506			True	0.974433941687253	False	-0.4461597977168653	assessable	shared_B_ALL_programme	True		1.0050000000000001	NOT_AVAILABLE - no biospecimen inventory (LOCAL_BIOSPECIMEN_INVENTORY_REQUIRED = TRUE)	False	Oksa EOI slow vs fast | Li C1 vs C2	False
TUFT1	TIER_3	1.36382461176127	0.0230636079614233	0.3669244173095	0.3593042482662678			True	1.36382461176127	False	-0.0691869671278174	assessable	ETV6_enriched_candidate	False			NOT_AVAILABLE - no biospecimen inventory (LOCAL_BIOSPECIMEN_INVENTORY_REQUIRED = TRUE)	False	Oksa EOI slow vs fast | Li C1 vs C2	False
ANKRD24	TIER_3	-1.46878807350312	0.0261258577260341	0.381052346342187	-0.8996610640189489			True	1.46878807350312	False	0.0918930495133739	assessable	ETV6_enriched_candidate	False		0.095	NOT_AVAILABLE - no biospecimen inventory (LOCAL_BIOSPECIMEN_INVENTORY_REQUIRED = TRUE)	False	Oksa EOI slow vs fast | Li C1 vs C2	False
MB21D2	TIER_3	1.30664576018134	0.0277212086866821	0.388970655984763	0.4347118219542538			True	1.30664576018134	False		not_assessable_in_TARGET	not_assessable_in_TARGET				NOT_AVAILABLE - no biospecimen inventory (LOCAL_BIOSPECIMEN_INVENTORY_REQUIRED = TRUE)	False	Oksa EOI slow vs fast | Li C1 vs C2	False
RGS18	TIER_3	0.844064231926505	0.0281034582824018	0.390695912587428	0.9262746298572452			True	0.844064231926505	False		not_assessable_in_TARGET	not_assessable_in_TARGET			1.135	NOT_AVAILABLE - no biospecimen inventory (LOCAL_BIOSPECIMEN_INVENTORY_REQUIRED = TRUE)	False	Oksa EOI slow vs fast | Li C1 vs C2	False
CD33	TIER_3	1.28931377128775	0.0306048769563548	0.400418361175431	1.3527845140929529			True	1.28931377128775	False	1.0741525415323008	assessable	shared_B_ALL_programme	True		2.48	NOT_AVAILABLE - no biospecimen inventory (LOCAL_BIOSPECIMEN_INVENTORY_REQUIRED = TRUE)	False	Oksa EOI slow vs fast | Li C1 vs C2	False
LHFPL6	TIER_3	-1.34727603438887	0.032944611580314	0.412900293807636	-1.1586507161468158			True	1.34727603438887	False	-0.1778516823517965	assessable	shared_B_ALL_programme	True		1.605	NOT_AVAILABLE - no biospecimen inventory (LOCAL_BIOSPECIMEN_INVENTORY_REQUIRED = TRUE)	False	Oksa EOI slow vs fast | Li C1 vs C2	False
PASD1	TIER_3	-1.29048716369224	0.0366503950948413	0.430634833732394	-1.081522214730743			True	1.29048716369224	False		not_assessable_in_TARGET	not_assessable_in_TARGET			0.1	NOT_AVAILABLE - no biospecimen inventory (LOCAL_BIOSPECIMEN_INVENTORY_REQUIRED = TRUE)	False	Oksa EOI slow vs fast | Li C1 vs C2	False
FGD4	TIER_3	0.770663657313705	0.0372160524008553	0.432890756786196	1.1840373311182877			True	0.770663657313705	False	0.2201401073226897	assessable	shared_B_ALL_programme	True		0.915	NOT_AVAILABLE - no biospecimen inventory (LOCAL_BIOSPECIMEN_INVENTORY_REQUIRED = TRUE)	False	Oksa EOI slow vs fast | Li C1 vs C2	False
NTSR1	TIER_3	-1.20344194402946	0.0396863919409678	0.44061559967718	-0.8041450551649417			True	1.20344194402946	False	-0.9310084859654492	assessable	shared_B_ALL_programme	True		0.13	NOT_AVAILABLE - no biospecimen inventory (LOCAL_BIOSPECIMEN_INVENTORY_REQUIRED = TRUE)	False	Oksa EOI slow vs fast | Li C1 vs C2	False
ARMCX2	TIER_3	-0.800692821850005	0.0414131311613996	0.443036817689511	-0.7120294319576992			True	0.800692821850005	False	-0.1001060535710219	assessable	shared_B_ALL_programme	True		1.055	NOT_AVAILABLE - no biospecimen inventory (LOCAL_BIOSPECIMEN_INVENTORY_REQUIRED = TRUE)	False	Oksa EOI slow vs fast | Li C1 vs C2	False
ZDHHC19	TIER_3	-1.35526844073391	0.0429069310732549	0.447960747247554	-0.8437459589065739			True	1.35526844073391	False	-0.515132851465452	assessable	shared_B_ALL_programme	True		1.305	NOT_AVAILABLE - no biospecimen inventory (LOCAL_BIOSPECIMEN_INVENTORY_REQUIRED = TRUE)	False	Oksa EOI slow vs fast | Li C1 vs C2	False
DDN	TIER_3	1.20174126046631	0.0470842754850292	0.460222948203968	0.1631422226290041			True	1.20174126046631	False	0.7304873122466506	assessable	shared_B_ALL_programme	True			NOT_AVAILABLE - no biospecimen inventory (LOCAL_BIOSPECIMEN_INVENTORY_REQUIRED = TRUE)	False	Oksa EOI slow vs fast | Li C1 vs C2	False
CAPN9	TIER_3	-1.26919006860621	0.056613770808774	0.48691163467223	-0.4077648946821175			True	1.26919006860621	False		not_assessable_in_TARGET	not_assessable_in_TARGET				NOT_AVAILABLE - no biospecimen inventory (LOCAL_BIOSPECIMEN_INVENTORY_REQUIRED = TRUE)	False	Oksa EOI slow vs fast | Li C1 vs C2	False
NDFIP2	TIER_3	-0.902487628866108	0.0614493904913599	0.500694950476189	-0.9810715918417904			True	0.902487628866108	False	-0.0898665100364575	assessable	shared_B_ALL_programme	True		1.495	NOT_AVAILABLE - no biospecimen inventory (LOCAL_BIOSPECIMEN_INVENTORY_REQUIRED = TRUE)	False	Oksa EOI slow vs fast | Li C1 vs C2	False
SGCB	TIER_3	-1.34132086647358	0.0626052765644695	0.502586949731487	-1.1176703886805937			True	1.34132086647358	False		not_assessable_in_TARGET	not_assessable_in_TARGET			1.475	NOT_AVAILABLE - no biospecimen inventory (LOCAL_BIOSPECIMEN_INVENTORY_REQUIRED = TRUE)	False	Oksa EOI slow vs fast | Li C1 vs C2	False
SPRED1	TIER_3	-0.910583593434861	0.0686562179321891	0.515124653582176	-0.8077679161577924			True	0.910583593434861	False	-0.0793901431584912	assessable	shared_B_ALL_programme	True		0.595	NOT_AVAILABLE - no biospecimen inventory (LOCAL_BIOSPECIMEN_INVENTORY_REQUIRED = TRUE)	False	Oksa EOI slow vs fast | Li C1 vs C2	False
ZNF391	TIER_3	-1.33489501149182	0.0732087679361026	0.525012530829924	-0.2876222659683799			True	1.33489501149182	False		not_assessable_in_TARGET	not_assessable_in_TARGET				NOT_AVAILABLE - no biospecimen inventory (LOCAL_BIOSPECIMEN_INVENTORY_REQUIRED = TRUE)	False	Oksa EOI slow vs fast | Li C1 vs C2	False
LRRC14B	TIER_3	-0.727640227350987	0.0863636057203101	0.547525505995216	-0.7256096934011528			True	0.727640227350987	False	-0.0763982385453766	assessable	shared_B_ALL_programme	True		0.15	NOT_AVAILABLE - no biospecimen inventory (LOCAL_BIOSPECIMEN_INVENTORY_REQUIRED = TRUE)	False	Oksa EOI slow vs fast | Li C1 vs C2	False
TTLL6	TIER_3	-1.19581047454226	0.0915127353654604	0.556094585873528	-0.998499922070078			True	1.19581047454226	False		not_assessable_in_TARGET	not_assessable_in_TARGET			0.07	NOT_AVAILABLE - no biospecimen inventory (LOCAL_BIOSPECIMEN_INVENTORY_REQUIRED = TRUE)	False	Oksa EOI slow vs fast | Li C1 vs C2	False
LYPD5	TIER_3	-1.05748013592481	0.0932478239442907	0.557622871670277	-0.2032809211158427			True	1.05748013592481	False	-0.5333695212023316	assessable	shared_B_ALL_programme	True			NOT_AVAILABLE - no biospecimen inventory (LOCAL_BIOSPECIMEN_INVENTORY_REQUIRED = TRUE)	False	Oksa EOI slow vs fast | Li C1 vs C2	False
LONRF3	TIER_3	1.14795056377987	0.0944471400531192	0.560497694261098	0.4887798592599626			True	1.14795056377987	False	0.7387979666061684	assessable	shared_B_ALL_programme	True			NOT_AVAILABLE - no biospecimen inventory (LOCAL_BIOSPECIMEN_INVENTORY_REQUIRED = TRUE)	False	Oksa EOI slow vs fast | Li C1 vs C2	False
RASL11A	TIER_3	1.06965534123079	0.0960476508494594	0.562445854959405	0.1414100984395941			True	1.06965534123079	False	-0.0184398675226275	assessable	ETV6_enriched_candidate	False			NOT_AVAILABLE - no biospecimen inventory (LOCAL_BIOSPECIMEN_INVENTORY_REQUIRED = TRUE)	False	Oksa EOI slow vs fast | Li C1 vs C2	False
PWWP2B	TIER_3	0.622504831976468	0.0978787812659029	0.563766959428466	0.9776696977398184			True	0.622504831976468	False	-0.417959558612592	assessable	ETV6_enriched_candidate	False		0.96	NOT_AVAILABLE - no biospecimen inventory (LOCAL_BIOSPECIMEN_INVENTORY_REQUIRED = TRUE)	False	Oksa EOI slow vs fast | Li C1 vs C2	False
PTX4	TIER_3	-0.953289843808606	0.102079709486007	0.571289414082661	-0.5942797443995685			True	0.953289843808606	False		not_assessable_in_TARGET	not_assessable_in_TARGET			0.02	NOT_AVAILABLE - no biospecimen inventory (LOCAL_BIOSPECIMEN_INVENTORY_REQUIRED = TRUE)	False	Oksa EOI slow vs fast | Li C1 vs C2	False
NYNRIN	TIER_3	-1.14018312177078	0.102424667757818	0.572082803547231	-0.3645326060535284			True	1.14018312177078	False	-0.8795861182063908	assessable	shared_B_ALL_programme	True			NOT_AVAILABLE - no biospecimen inventory (LOCAL_BIOSPECIMEN_INVENTORY_REQUIRED = TRUE)	False	Oksa EOI slow vs fast | Li C1 vs C2	False
MLF1	TIER_3	1.25012073736469	0.103656263187048	0.574753279983074	0.2307161983351529			True	1.25012073736469	False		not_assessable_in_TARGET	not_assessable_in_TARGET				NOT_AVAILABLE - no biospecimen inventory (LOCAL_BIOSPECIMEN_INVENTORY_REQUIRED = TRUE)	False	Oksa EOI slow vs fast | Li C1 vs C2	False
RASGEF1B	TIER_3	0.771438238652526	0.106393940542657	0.578725511434231	0.5850760340620771			True	0.771438238652526	False	0.0207980118697701	assessable	shared_B_ALL_programme	True		6.640000000000001	NOT_AVAILABLE - no biospecimen inventory (LOCAL_BIOSPECIMEN_INVENTORY_REQUIRED = TRUE)	False	Oksa EOI slow vs fast | Li C1 vs C2	False
SEMA7A	TIER_3	0.904292199155137	0.109780669725792	0.581341919056181	0.5519859464146438			True	0.904292199155137	False	0.2267398258473355	assessable	shared_B_ALL_programme	True		2.1	NOT_AVAILABLE - no biospecimen inventory (LOCAL_BIOSPECIMEN_INVENTORY_REQUIRED = TRUE)	False	Oksa EOI slow vs fast | Li C1 vs C2	False
CDKN1C	TIER_3	0.900071279544184	0.111470389239727	0.5828836050261	0.6209252191802178			True	0.900071279544184	False	0.0933507412763555	assessable	shared_B_ALL_programme	True		1.245	NOT_AVAILABLE - no biospecimen inventory (LOCAL_BIOSPECIMEN_INVENTORY_REQUIRED = TRUE)	False	Oksa EOI slow vs fast | Li C1 vs C2	False
HHIPL1	TIER_3	-0.787652789698538	0.112164607719227	0.583864027638646	-0.7378850340570461			True	0.787652789698538	False		not_assessable_in_TARGET	not_assessable_in_TARGET			0.08	NOT_AVAILABLE - no biospecimen inventory (LOCAL_BIOSPECIMEN_INVENTORY_REQUIRED = TRUE)	False	Oksa EOI slow vs fast | Li C1 vs C2	False
JPH2	TIER_3	-1.17396144235921	0.115714675854806	0.58651723378534	-1.0029399465344908			True	1.17396144235921	False		not_assessable_in_TARGET	not_assessable_in_TARGET			0.04	NOT_AVAILABLE - no biospecimen inventory (LOCAL_BIOSPECIMEN_INVENTORY_REQUIRED = TRUE)	False	Oksa EOI slow vs fast | Li C1 vs C2	False
FST	TIER_3	1.45133606629754	0.125958885578626	0.596870516463632	0.7459933126116551			True	1.45133606629754	False		not_assessable_in_TARGET	not_assessable_in_TARGET			0.495	NOT_AVAILABLE - no biospecimen inventory (LOCAL_BIOSPECIMEN_INVENTORY_REQUIRED = TRUE)	False	Oksa EOI slow vs fast | Li C1 vs C2	False
ALDH1A1	TIER_3	0.636048427768687	0.130682413003648	0.600941769558701	0.7934021668608353			True	0.636048427768687	False	-0.7641171969434265	assessable	ETV6_enriched_candidate	False		2.55	NOT_AVAILABLE - no biospecimen inventory (LOCAL_BIOSPECIMEN_INVENTORY_REQUIRED = TRUE)	False	Oksa EOI slow vs fast | Li C1 vs C2	False
B3GNT7	TIER_3	1.17788161962384	0.13132627105478	0.601425446080137	0.4115308037319177			True	1.17788161962384	False	-0.5226973776956924	assessable	ETV6_enriched_candidate	False			NOT_AVAILABLE - no biospecimen inventory (LOCAL_BIOSPECIMEN_INVENTORY_REQUIRED = TRUE)	False	Oksa EOI slow vs fast | Li C1 vs C2	False
NTN3	TIER_3	-0.887645258595815	0.132238816276769	0.602008418681701	-0.2094793141299715			True	0.887645258595815	False		not_assessable_in_TARGET	not_assessable_in_TARGET				NOT_AVAILABLE - no biospecimen inventory (LOCAL_BIOSPECIMEN_INVENTORY_REQUIRED = TRUE)	False	Oksa EOI slow vs fast | Li C1 vs C2	False
SLC16A2	TIER_3	-0.763726108806595	0.145464264364788	0.618617891962107	-0.814040024408266			True	0.763726108806595	False	-0.6269145179818464	assessable	shared_B_ALL_programme	True		1.3050000000000002	NOT_AVAILABLE - no biospecimen inventory (LOCAL_BIOSPECIMEN_INVENTORY_REQUIRED = TRUE)	False	Oksa EOI slow vs fast | Li C1 vs C2	False
INSC	TIER_3	-0.965589966560992	0.151398948895754	0.626944285229439	-0.5807526307152199			True	0.965589966560992	False		not_assessable_in_TARGET	not_assessable_in_TARGET			0.28500000000000003	NOT_AVAILABLE - no biospecimen inventory (LOCAL_BIOSPECIMEN_INVENTORY_REQUIRED = TRUE)	False	Oksa EOI slow vs fast | Li C1 vs C2	False
NECTIN2	TIER_3	1.20807226222112	0.155005220248391	0.629851144446989	0.3998803061472163			True	1.20807226222112	False	0.3738474240896413	assessable	shared_B_ALL_programme	True			NOT_AVAILABLE - no biospecimen inventory (LOCAL_BIOSPECIMEN_INVENTORY_REQUIRED = TRUE)	False	Oksa EOI slow vs fast | Li C1 vs C2	False
MTFP1	TIER_3	0.609800987346766	0.162039453103494	0.636815908511284	0.6012091415217582			True	0.609800987346766	False		not_assessable_in_TARGET	not_assessable_in_TARGET			0.12	NOT_AVAILABLE - no biospecimen inventory (LOCAL_BIOSPECIMEN_INVENTORY_REQUIRED = TRUE)	False	Oksa EOI slow vs fast | Li C1 vs C2	False
NPAS3	TIER_3	-1.42001096101441	0.168495789922749	0.641077096129614	-0.3788503432952059			True	1.42001096101441	False		not_assessable_in_TARGET	not_assessable_in_TARGET				NOT_AVAILABLE - no biospecimen inventory (LOCAL_BIOSPECIMEN_INVENTORY_REQUIRED = TRUE)	False	Oksa EOI slow vs fast | Li C1 vs C2	False
PDGFC	TIER_3	1.01079485352054	0.168974936048458	0.641077096129614	0.7123689839056355			True	1.01079485352054	False		not_assessable_in_TARGET	not_assessable_in_TARGET			0.95	NOT_AVAILABLE - no biospecimen inventory (LOCAL_BIOSPECIMEN_INVENTORY_REQUIRED = TRUE)	False	Oksa EOI slow vs fast | Li C1 vs C2	False
STXBP5L	TIER_3	-1.42101996426716	0.183662442920228	0.655098477008127	-0.3948287463153267			True	1.42101996426716	False		not_assessable_in_TARGET	not_assessable_in_TARGET				NOT_AVAILABLE - no biospecimen inventory (LOCAL_BIOSPECIMEN_INVENTORY_REQUIRED = TRUE)	False	Oksa EOI slow vs fast | Li C1 vs C2	False
ESPNL	TIER_3	-0.970984268247449	0.203601646271313	0.67038982134182	-0.4410333802468149			True	0.970984268247449	False		not_assessable_in_TARGET	not_assessable_in_TARGET				NOT_AVAILABLE - no biospecimen inventory (LOCAL_BIOSPECIMEN_INVENTORY_REQUIRED = TRUE)	False	Oksa EOI slow vs fast | Li C1 vs C2	False
GADL1	TIER_3	-0.656269551323994	0.205554581554212	0.672299740104176	-0.5257642983276607			True	0.656269551323994	False		not_assessable_in_TARGET	not_assessable_in_TARGET			0.25	NOT_AVAILABLE - no biospecimen inventory (LOCAL_BIOSPECIMEN_INVENTORY_REQUIRED = TRUE)	False	Oksa EOI slow vs fast | Li C1 vs C2	False
B3GAT1	TIER_3	0.77939255217816	0.213501460123713	0.679126119657104	0.8315878289943723			True	0.77939255217816	False		not_assessable_in_TARGET	not_assessable_in_TARGET			0.535	NOT_AVAILABLE - no biospecimen inventory (LOCAL_BIOSPECIMEN_INVENTORY_REQUIRED = TRUE)	False	Oksa EOI slow vs fast | Li C1 vs C2	False
IRX2	TIER_3	-1.46793969812389	0.221209617267622	0.686370027409817	-0.4180040630870939			True	1.46793969812389	False		not_assessable_in_TARGET	not_assessable_in_TARGET				NOT_AVAILABLE - no biospecimen inventory (LOCAL_BIOSPECIMEN_INVENTORY_REQUIRED = TRUE)	False	Oksa EOI slow vs fast | Li C1 vs C2	False
CEL	TIER_3	-0.747626857845924	0.224652774844771	0.689405582763453	-0.4036516844990429			True	0.747626857845924	False	-0.1274416279052277	assessable	shared_B_ALL_programme	True			NOT_AVAILABLE - no biospecimen inventory (LOCAL_BIOSPECIMEN_INVENTORY_REQUIRED = TRUE)	False	Oksa EOI slow vs fast | Li C1 vs C2	False
NCKAP5	TIER_3	-1.18793025164047	0.233010118141351	0.696451275668633	-0.9208294886919682			True	1.18793025164047	False		not_assessable_in_TARGET	not_assessable_in_TARGET			0.33999999999999997	NOT_AVAILABLE - no biospecimen inventory (LOCAL_BIOSPECIMEN_INVENTORY_REQUIRED = TRUE)	False	Oksa EOI slow vs fast | Li C1 vs C2	False
CPAMD8	TIER_3	0.622247050886775	0.235196690480824	0.697454320435366	1.0763897190516865			True	0.622247050886775	False	0.1844314625988637	assessable	shared_B_ALL_programme	True		0.885	NOT_AVAILABLE - no biospecimen inventory (LOCAL_BIOSPECIMEN_INVENTORY_REQUIRED = TRUE)	False	Oksa EOI slow vs fast | Li C1 vs C2	False
SIGLEC1	TIER_3	0.919171060202252	0.239496061041673	0.700148177724847	0.5453726084266466			True	0.919171060202252	False	1.4078606375394378	assessable	shared_B_ALL_programme	True		0.19	NOT_AVAILABLE - no biospecimen inventory (LOCAL_BIOSPECIMEN_INVENTORY_REQUIRED = TRUE)	False	Oksa EOI slow vs fast | Li C1 vs C2	False
CRACD	TIER_3	0.748530316997605	0.238619886145669	0.700148177724847	0.7150184799973265			True	0.748530316997605	False		not_assessable_in_TARGET	not_assessable_in_TARGET				NOT_AVAILABLE - no biospecimen inventory (LOCAL_BIOSPECIMEN_INVENTORY_REQUIRED = TRUE)	False	Oksa EOI slow vs fast | Li C1 vs C2	False
PLCB4	TIER_3	0.677460000514877	0.24076792695792	0.700959957744454	0.819290911620446			True	0.677460000514877	False		not_assessable_in_TARGET	not_assessable_in_TARGET			0.665	NOT_AVAILABLE - no biospecimen inventory (LOCAL_BIOSPECIMEN_INVENTORY_REQUIRED = TRUE)	False	Oksa EOI slow vs fast | Li C1 vs C2	False
CHAT	TIER_3	-0.878340542303139	0.244503785502104	0.703826972090431	-0.263202978572858			True	0.878340542303139	False		not_assessable_in_TARGET	not_assessable_in_TARGET				NOT_AVAILABLE - no biospecimen inventory (LOCAL_BIOSPECIMEN_INVENTORY_REQUIRED = TRUE)	False	Oksa EOI slow vs fast | Li C1 vs C2	False
GLB1L3	TIER_3	0.893928572567706	0.267002043895175	0.71591220622237	0.4455774644265086			True	0.893928572567706	False		not_assessable_in_TARGET	not_assessable_in_TARGET				NOT_AVAILABLE - no biospecimen inventory (LOCAL_BIOSPECIMEN_INVENTORY_REQUIRED = TRUE)	False	Oksa EOI slow vs fast | Li C1 vs C2	False
PPBP	TIER_3	0.605954691001814	0.271951864159394	0.718613375987564	0.3816880328732622			True	0.605954691001814	False		not_assessable_in_TARGET	not_assessable_in_TARGET				NOT_AVAILABLE - no biospecimen inventory (LOCAL_BIOSPECIMEN_INVENTORY_REQUIRED = TRUE)	False	Oksa EOI slow vs fast | Li C1 vs C2	False
ANGPTL2	TIER_3	-0.800598722304011	0.272822645816704	0.719397473433142	-0.2239763399403541			True	0.800598722304011	False	-0.0591041515569835	assessable	shared_B_ALL_programme	True			NOT_AVAILABLE - no biospecimen inventory (LOCAL_BIOSPECIMEN_INVENTORY_REQUIRED = TRUE)	False	Oksa EOI slow vs fast | Li C1 vs C2	False
TP63	TIER_3	-0.914018619955537	0.281087821327879	0.724657573594433	-0.8265453022001292			True	0.914018619955537	False		not_assessable_in_TARGET	not_assessable_in_TARGET			0.625	NOT_AVAILABLE - no biospecimen inventory (LOCAL_BIOSPECIMEN_INVENTORY_REQUIRED = TRUE)	False	Oksa EOI slow vs fast | Li C1 vs C2	False
FBLN2	TIER_3	0.571631191302201	0.281518494516427	0.725034664069741	0.7666046270868511			True	0.571631191302201	False	0.1912457122346749	assessable	shared_B_ALL_programme	True		0.49	NOT_AVAILABLE - no biospecimen inventory (LOCAL_BIOSPECIMEN_INVENTORY_REQUIRED = TRUE)	False	Oksa EOI slow vs fast | Li C1 vs C2	False
ADAMTS15	TIER_3	-1.11889179195038	0.285704224227947	0.727376489110619	-0.0557903180604704			True	1.11889179195038	False		not_assessable_in_TARGET	not_assessable_in_TARGET				NOT_AVAILABLE - no biospecimen inventory (LOCAL_BIOSPECIMEN_INVENTORY_REQUIRED = TRUE)	False	Oksa EOI slow vs fast | Li C1 vs C2	False
LCA5	TIER_3	0.66458563335028	0.306043360893813	0.741652524209825	0.4875818297125905			True	0.66458563335028	False		not_assessable_in_TARGET	not_assessable_in_TARGET				NOT_AVAILABLE - no biospecimen inventory (LOCAL_BIOSPECIMEN_INVENTORY_REQUIRED = TRUE)	False	Oksa EOI slow vs fast | Li C1 vs C2	False
MATK	TIER_3	0.461123133574049	0.307757142214118	0.742646302518939	0.2664377517838207			True	0.461123133574049	False	0.3736081475908074	assessable	shared_B_ALL_programme	True			NOT_AVAILABLE - no biospecimen inventory (LOCAL_BIOSPECIMEN_INVENTORY_REQUIRED = TRUE)	False	Oksa EOI slow vs fast | Li C1 vs C2	False
AREG	TIER_3	0.922196284803206	0.324452923076046	0.751809935749104	0.5317982141661004			True	0.922196284803206	False	1.3900713533099365	assessable	shared_B_ALL_programme	True		1.715	NOT_AVAILABLE - no biospecimen inventory (LOCAL_BIOSPECIMEN_INVENTORY_REQUIRED = TRUE)	False	Oksa EOI slow vs fast | Li C1 vs C2	False
PRAME	TIER_3	-1.23058088244506	0.342595755416306	0.763367723477945	-0.1606848271440205			True	1.23058088244506	False		not_assessable_in_TARGET	not_assessable_in_TARGET				NOT_AVAILABLE - no biospecimen inventory (LOCAL_BIOSPECIMEN_INVENTORY_REQUIRED = TRUE)	False	Oksa EOI slow vs fast | Li C1 vs C2	False
SEMA6B	TIER_3	0.546192932655218	0.346042706768975	0.764875926497614	0.541823193907203			True	0.546192932655218	False	-0.7122034204851999	assessable	ETV6_enriched_candidate	False		0.52	NOT_AVAILABLE - no biospecimen inventory (LOCAL_BIOSPECIMEN_INVENTORY_REQUIRED = TRUE)	False	Oksa EOI slow vs fast | Li C1 vs C2	False
RIMBP2	TIER_3	-1.30705457423313	0.351372341892746	0.766993701700778	-0.5671330720571435			True	1.30705457423313	False		not_assessable_in_TARGET	not_assessable_in_TARGET			0.9750000000000001	NOT_AVAILABLE - no biospecimen inventory (LOCAL_BIOSPECIMEN_INVENTORY_REQUIRED = TRUE)	False	Oksa EOI slow vs fast | Li C1 vs C2	False
PTPN14	TIER_3	-1.10075902973696	0.35791213284247	0.770017202952876	-0.85525691715442			True	1.10075902973696	False	-0.0676481240252037	assessable	shared_B_ALL_programme	True		2.645	NOT_AVAILABLE - no biospecimen inventory (LOCAL_BIOSPECIMEN_INVENTORY_REQUIRED = TRUE)	False	Oksa EOI slow vs fast | Li C1 vs C2	False
TERT	TIER_3	-0.625310829613836	0.36367960861762	0.773228717421247	-0.4888569210196791			True	0.625310829613836	False	-0.0226495119698537	assessable	shared_B_ALL_programme	True			NOT_AVAILABLE - no biospecimen inventory (LOCAL_BIOSPECIMEN_INVENTORY_REQUIRED = TRUE)	False	Oksa EOI slow vs fast | Li C1 vs C2	False
ALX4	TIER_3	-0.908522498565473	0.369451630723829	0.776066331648083	-0.4356487505549666			True	0.908522498565473	False		not_assessable_in_TARGET	not_assessable_in_TARGET				NOT_AVAILABLE - no biospecimen inventory (LOCAL_BIOSPECIMEN_INVENTORY_REQUIRED = TRUE)	False	Oksa EOI slow vs fast | Li C1 vs C2	False
IGSF10	TIER_3	-0.917446595730431	0.37068075034333	0.777064911999694	-0.5963682980741198			True	0.917446595730431	False		not_assessable_in_TARGET	not_assessable_in_TARGET			0.6799999999999999	NOT_AVAILABLE - no biospecimen inventory (LOCAL_BIOSPECIMEN_INVENTORY_REQUIRED = TRUE)	False	Oksa EOI slow vs fast | Li C1 vs C2	False
CSF1	TIER_3	0.618770926116312	0.379453339793904	0.781816768684442	0.4456607421869901			True	0.618770926116312	False	-0.8377240114307841	assessable	ETV6_enriched_candidate	False			NOT_AVAILABLE - no biospecimen inventory (LOCAL_BIOSPECIMEN_INVENTORY_REQUIRED = TRUE)	False	Oksa EOI slow vs fast | Li C1 vs C2	False
HOPX	TIER_3	0.389736744453753	0.385443741656124	0.785419781579447	0.2237142904436865			True	0.389736744453753	False	0.5967357404815739	assessable	shared_B_ALL_programme	True			NOT_AVAILABLE - no biospecimen inventory (LOCAL_BIOSPECIMEN_INVENTORY_REQUIRED = TRUE)	False	Oksa EOI slow vs fast | Li C1 vs C2	False
SHISA2	TIER_3	-1.22969113045174	0.389571262100582	0.787179892926162	-0.9472138247635112			True	1.22969113045174	False		not_assessable_in_TARGET	not_assessable_in_TARGET			2.12	NOT_AVAILABLE - no biospecimen inventory (LOCAL_BIOSPECIMEN_INVENTORY_REQUIRED = TRUE)	False	Oksa EOI slow vs fast | Li C1 vs C2	False
SOX8	TIER_3	0.546501993073603	0.396518561202017	0.791889380155174	0.4493532879472553			True	0.546501993073603	False		not_assessable_in_TARGET	not_assessable_in_TARGET				NOT_AVAILABLE - no biospecimen inventory (LOCAL_BIOSPECIMEN_INVENTORY_REQUIRED = TRUE)	False	Oksa EOI slow vs fast | Li C1 vs C2	False
BTG3	TIER_3	0.342351565586856	0.411753078125298	0.798872751022023	0.3757927987990515			True	0.342351565586856	False	0.1179586405696023	assessable	shared_B_ALL_programme	True			NOT_AVAILABLE - no biospecimen inventory (LOCAL_BIOSPECIMEN_INVENTORY_REQUIRED = TRUE)	False	Oksa EOI slow vs fast | Li C1 vs C2	False
PLXNA4	TIER_3	0.350545208539994	0.421208801425037	0.802661329869409	0.5032316554816426			True	0.350545208539994	False	0.0826494692013312	assessable	shared_B_ALL_programme	True		0.155	NOT_AVAILABLE - no biospecimen inventory (LOCAL_BIOSPECIMEN_INVENTORY_REQUIRED = TRUE)	False	Oksa EOI slow vs fast | Li C1 vs C2	False
HMX2	TIER_3	-0.773529425938657	0.426710053810534	0.805438304028152	-0.602525468531841			True	0.773529425938657	False		not_assessable_in_TARGET	not_assessable_in_TARGET			0.04	NOT_AVAILABLE - no biospecimen inventory (LOCAL_BIOSPECIMEN_INVENTORY_REQUIRED = TRUE)	False	Oksa EOI slow vs fast | Li C1 vs C2	False
GABRD	TIER_3	-0.617844689104458	0.426205377460636	0.805438304028152	-0.5889352631017692			True	0.617844689104458	False		not_assessable_in_TARGET	not_assessable_in_TARGET			0.07	NOT_AVAILABLE - no biospecimen inventory (LOCAL_BIOSPECIMEN_INVENTORY_REQUIRED = TRUE)	False	Oksa EOI slow vs fast | Li C1 vs C2	False
NGFR	TIER_3	-0.613415786118237	0.43329030041006	0.809392561933268	-0.8455724157354806			True	0.613415786118237	False	-1.3903009851749013	assessable	shared_B_ALL_programme	True		0.76	NOT_AVAILABLE - no biospecimen inventory (LOCAL_BIOSPECIMEN_INVENTORY_REQUIRED = TRUE)	False	Oksa EOI slow vs fast | Li C1 vs C2	False
SYTL4	TIER_3	0.402185575575296	0.432977018638233	0.809392561933268	0.5769895657740496			True	0.402185575575296	False		not_assessable_in_TARGET	not_assessable_in_TARGET			0.37	NOT_AVAILABLE - no biospecimen inventory (LOCAL_BIOSPECIMEN_INVENTORY_REQUIRED = TRUE)	False	Oksa EOI slow vs fast | Li C1 vs C2	False
NECAB1	TIER_3	0.434760466159515	0.435558755852439	0.810345610508749	0.5907046262351028			True	0.434760466159515	False		not_assessable_in_TARGET	not_assessable_in_TARGET			0.61	NOT_AVAILABLE - no biospecimen inventory (LOCAL_BIOSPECIMEN_INVENTORY_REQUIRED = TRUE)	False	Oksa EOI slow vs fast | Li C1 vs C2	False
HES1	TIER_3	0.535093417724527	0.461226162453044	0.82323485573347	0.2193780769314002			True	0.535093417724527	False	0.6964226099367291	assessable	shared_B_ALL_programme	True			NOT_AVAILABLE - no biospecimen inventory (LOCAL_BIOSPECIMEN_INVENTORY_REQUIRED = TRUE)	False	Oksa EOI slow vs fast | Li C1 vs C2	False
TACC2	TIER_3	-0.67574821432414	0.464956826788638	0.825185677551495	-0.5629029218085542			True	0.67574821432414	False		not_assessable_in_TARGET	not_assessable_in_TARGET			0.3	NOT_AVAILABLE - no biospecimen inventory (LOCAL_BIOSPECIMEN_INVENTORY_REQUIRED = TRUE)	False	Oksa EOI slow vs fast | Li C1 vs C2	False
GRHL1	TIER_3	0.396299461133981	0.490246410624646	0.837222902468662	0.4397425738508691			True	0.396299461133981	False	-0.1758589844020615	assessable	ETV6_enriched_candidate	False			NOT_AVAILABLE - no biospecimen inventory (LOCAL_BIOSPECIMEN_INVENTORY_REQUIRED = TRUE)	False	Oksa EOI slow vs fast | Li C1 vs C2	False
CCDC89	TIER_3	-0.320321546325353	0.503074485188912	0.842630570451373	-0.1838500519796916			True	0.320321546325353	False		not_assessable_in_TARGET	not_assessable_in_TARGET				NOT_AVAILABLE - no biospecimen inventory (LOCAL_BIOSPECIMEN_INVENTORY_REQUIRED = TRUE)	False	Oksa EOI slow vs fast | Li C1 vs C2	False
GOLIM4	TIER_3	0.29424246385876	0.514161410751625	0.847118657061387	0.682049938416858			True	0.29424246385876	False	0.7495831059623606	assessable	shared_B_ALL_programme	True		4.65	NOT_AVAILABLE - no biospecimen inventory (LOCAL_BIOSPECIMEN_INVENTORY_REQUIRED = TRUE)	False	Oksa EOI slow vs fast | Li C1 vs C2	False
SYNM	TIER_3	0.334161963809109	0.522672407798078	0.84991757628663	0.1823960306736617			True	0.334161963809109	False		not_assessable_in_TARGET	not_assessable_in_TARGET				NOT_AVAILABLE - no biospecimen inventory (LOCAL_BIOSPECIMEN_INVENTORY_REQUIRED = TRUE)	False	Oksa EOI slow vs fast | Li C1 vs C2	False
CPA3	TIER_3	0.414627092265967	0.522825857532564	0.850025970895407	0.5629910752455544			True	0.414627092265967	False		not_assessable_in_TARGET	not_assessable_in_TARGET			1.17	NOT_AVAILABLE - no biospecimen inventory (LOCAL_BIOSPECIMEN_INVENTORY_REQUIRED = TRUE)	False	Oksa EOI slow vs fast | Li C1 vs C2	False
S100A10	TIER_3	0.362519938977531	0.523427651681178	0.850519774208947	0.2077284679718661			True	0.362519938977531	False	0.3820982193083813	assessable	shared_B_ALL_programme	True			NOT_AVAILABLE - no biospecimen inventory (LOCAL_BIOSPECIMEN_INVENTORY_REQUIRED = TRUE)	False	Oksa EOI slow vs fast | Li C1 vs C2	False
CREB5	TIER_3	0.329083019759208	0.524039665672908	0.850728408022619	0.4029354819004279			True	0.329083019759208	False	1.0515841007818296	assessable	shared_B_ALL_programme	True			NOT_AVAILABLE - no biospecimen inventory (LOCAL_BIOSPECIMEN_INVENTORY_REQUIRED = TRUE)	False	Oksa EOI slow vs fast | Li C1 vs C2	False
PCDH18	TIER_3	-0.453051896071677	0.535862085917138	0.856504817539364	-0.8033183139662403			True	0.453051896071677	False	-0.1260350950479434	assessable	shared_B_ALL_programme	True		0.365	NOT_AVAILABLE - no biospecimen inventory (LOCAL_BIOSPECIMEN_INVENTORY_REQUIRED = TRUE)	False	Oksa EOI slow vs fast | Li C1 vs C2	False
KLF4	TIER_3	0.831596193449201	0.539783067848566	0.858715288543551	0.4524001306912304			True	0.831596193449201	False	0.6977050969442946	assessable	shared_B_ALL_programme	True			NOT_AVAILABLE - no biospecimen inventory (LOCAL_BIOSPECIMEN_INVENTORY_REQUIRED = TRUE)	False	Oksa EOI slow vs fast | Li C1 vs C2	False
SLC32A1	TIER_3	0.795856077515827	0.556507702942835	0.866317482734185	0.2916231267308151			True	0.795856077515827	False		not_assessable_in_TARGET	not_assessable_in_TARGET				NOT_AVAILABLE - no biospecimen inventory (LOCAL_BIOSPECIMEN_INVENTORY_REQUIRED = TRUE)	False	Oksa EOI slow vs fast | Li C1 vs C2	False
PRTG	TIER_3	0.581160435930109	0.567154959249166	0.869784174456077	0.5944959665349747			True	0.581160435930109	False		not_assessable_in_TARGET	not_assessable_in_TARGET			0.13	NOT_AVAILABLE - no biospecimen inventory (LOCAL_BIOSPECIMEN_INVENTORY_REQUIRED = TRUE)	False	Oksa EOI slow vs fast | Li C1 vs C2	False
GPR176	TIER_3	-0.343110554090812	0.57435164110327	0.873034027330367	-0.8526637486119069			True	0.343110554090812	False	-1.031192565372088	assessable	shared_B_ALL_programme	True		1.54	NOT_AVAILABLE - no biospecimen inventory (LOCAL_BIOSPECIMEN_INVENTORY_REQUIRED = TRUE)	False	Oksa EOI slow vs fast | Li C1 vs C2	False
SLC7A11	TIER_3	-0.371724415813222	0.58017275396245	0.875472353248196	-1.091358053821586			True	0.371724415813222	False		not_assessable_in_TARGET	not_assessable_in_TARGET			1.73	NOT_AVAILABLE - no biospecimen inventory (LOCAL_BIOSPECIMEN_INVENTORY_REQUIRED = TRUE)	False	Oksa EOI slow vs fast | Li C1 vs C2	False
NOL4	TIER_3	-0.476020488313455	0.606896920850348	0.886486301673166	-1.1343043573670872			True	0.476020488313455	False		not_assessable_in_TARGET	not_assessable_in_TARGET			0.875	NOT_AVAILABLE - no biospecimen inventory (LOCAL_BIOSPECIMEN_INVENTORY_REQUIRED = TRUE)	False	Oksa EOI slow vs fast | Li C1 vs C2	False
GP1BB	TIER_3	-0.329926998397759	0.608668242646521	0.886841662753529	-0.8021122816955627			True	0.329926998397759	False		not_assessable_in_TARGET	not_assessable_in_TARGET				NOT_AVAILABLE - no biospecimen inventory (LOCAL_BIOSPECIMEN_INVENTORY_REQUIRED = TRUE)	False	Oksa EOI slow vs fast | Li C1 vs C2	False
THEM4	TIER_3	0.271250539404121	0.630277044124181	0.894343620269116	0.2605359518087944			True	0.271250539404121	False	-0.178338650472891	assessable	ETV6_enriched_candidate	False			NOT_AVAILABLE - no biospecimen inventory (LOCAL_BIOSPECIMEN_INVENTORY_REQUIRED = TRUE)	False	Oksa EOI slow vs fast | Li C1 vs C2	False
VIPR2	TIER_3	-0.329593891275038	0.631007664487194	0.89444684392875	-0.8939277492381648			True	0.329593891275038	False		not_assessable_in_TARGET	not_assessable_in_TARGET			0.135	NOT_AVAILABLE - no biospecimen inventory (LOCAL_BIOSPECIMEN_INVENTORY_REQUIRED = TRUE)	False	Oksa EOI slow vs fast | Li C1 vs C2	False
VWDE	TIER_3	0.252143657150432	0.653952879894786	0.902658657697066	0.3690972479275712			True	0.252143657150432	False		not_assessable_in_TARGET	not_assessable_in_TARGET				NOT_AVAILABLE - no biospecimen inventory (LOCAL_BIOSPECIMEN_INVENTORY_REQUIRED = TRUE)	False	Oksa EOI slow vs fast | Li C1 vs C2	False
DST	TIER_3	0.199371522998635	0.673435848527194	0.911135916064651	0.4721051423315495			True	0.199371522998635	False	-1.2696006694433242	assessable	ETV6_enriched_candidate	False			NOT_AVAILABLE - no biospecimen inventory (LOCAL_BIOSPECIMEN_INVENTORY_REQUIRED = TRUE)	False	Oksa EOI slow vs fast | Li C1 vs C2	False
IRX3	TIER_3	-0.395959975767462	0.685193018527234	0.916150425968874	-0.2867037796870583			True	0.395959975767462	False		not_assessable_in_TARGET	not_assessable_in_TARGET				NOT_AVAILABLE - no biospecimen inventory (LOCAL_BIOSPECIMEN_INVENTORY_REQUIRED = TRUE)	False	Oksa EOI slow vs fast | Li C1 vs C2	False
TMEM233	TIER_3	-0.273559908384412	0.692761703200001	0.917929878604672	-0.6964233449186055			True	0.273559908384412	False		not_assessable_in_TARGET	not_assessable_in_TARGET			0.77	NOT_AVAILABLE - no biospecimen inventory (LOCAL_BIOSPECIMEN_INVENTORY_REQUIRED = TRUE)	False	Oksa EOI slow vs fast | Li C1 vs C2	False
ARRDC4	TIER_3	0.231981093673661	0.711722164163378	0.924160369120191	0.3943746794278999			True	0.231981093673661	False	0.7363560342487036	assessable	shared_B_ALL_programme	True			NOT_AVAILABLE - no biospecimen inventory (LOCAL_BIOSPECIMEN_INVENTORY_REQUIRED = TRUE)	False	Oksa EOI slow vs fast | Li C1 vs C2	False
DUSP4	TIER_3	0.37272537062387	0.71907610883785	0.926515928992624	0.0522098039706852			True	0.37272537062387	False	-0.1898652237081261	assessable	ETV6_enriched_candidate	False			NOT_AVAILABLE - no biospecimen inventory (LOCAL_BIOSPECIMEN_INVENTORY_REQUIRED = TRUE)	False	Oksa EOI slow vs fast | Li C1 vs C2	False
SLC44A3	TIER_3	-0.253073202825967	0.721795194766192	0.927472324062754	-1.1180813174459052			True	0.253073202825967	False		not_assessable_in_TARGET	not_assessable_in_TARGET			0.27	NOT_AVAILABLE - no biospecimen inventory (LOCAL_BIOSPECIMEN_INVENTORY_REQUIRED = TRUE)	False	Oksa EOI slow vs fast | Li C1 vs C2	False
DYSF	TIER_3	0.168105602515763	0.724241213797523	0.927978647624506	0.3250900860473273			True	0.168105602515763	False	-1.0979934191670002	assessable	ETV6_enriched_candidate	False			NOT_AVAILABLE - no biospecimen inventory (LOCAL_BIOSPECIMEN_INVENTORY_REQUIRED = TRUE)	False	Oksa EOI slow vs fast | Li C1 vs C2	False
FZD2	TIER_3	-0.107054438585154	0.735659048637152	0.931162352754684	-0.0187890162848618			True	0.107054438585154	False	-0.1469946138964932	assessable	shared_B_ALL_programme	True			NOT_AVAILABLE - no biospecimen inventory (LOCAL_BIOSPECIMEN_INVENTORY_REQUIRED = TRUE)	False	Oksa EOI slow vs fast | Li C1 vs C2	False
BARX2	TIER_3	0.215216474789265	0.752973383233113	0.936144503644174	0.2169102526499245			True	0.215216474789265	False		not_assessable_in_TARGET	not_assessable_in_TARGET				NOT_AVAILABLE - no biospecimen inventory (LOCAL_BIOSPECIMEN_INVENTORY_REQUIRED = TRUE)	False	Oksa EOI slow vs fast | Li C1 vs C2	False
RGS2	TIER_3	0.153988710617007	0.817616679917094	0.954735837720655	0.3969126859589689			True	0.153988710617007	False	0.1696996183901943	assessable	shared_B_ALL_programme	True			NOT_AVAILABLE - no biospecimen inventory (LOCAL_BIOSPECIMEN_INVENTORY_REQUIRED = TRUE)	False	Oksa EOI slow vs fast | Li C1 vs C2	False
KLRF1	TIER_3	0.140360580856281	0.818617550729778	0.954735837720655	0.2081244122203523			True	0.140360580856281	False	0.0697479905994623	assessable	shared_B_ALL_programme	True			NOT_AVAILABLE - no biospecimen inventory (LOCAL_BIOSPECIMEN_INVENTORY_REQUIRED = TRUE)	False	Oksa EOI slow vs fast | Li C1 vs C2	False
SEMA5A	TIER_3	0.139869719408574	0.820794555334505	0.95511255756039	0.6851917768625431			True	0.139869719408574	False		not_assessable_in_TARGET	not_assessable_in_TARGET				NOT_AVAILABLE - no biospecimen inventory (LOCAL_BIOSPECIMEN_INVENTORY_REQUIRED = TRUE)	False	Oksa EOI slow vs fast | Li C1 vs C2	False
CCDC8	TIER_3	-0.175863008972761	0.824482880282801	0.956408867695449	-0.0873403657773367			True	0.175863008972761	False		not_assessable_in_TARGET	not_assessable_in_TARGET				NOT_AVAILABLE - no biospecimen inventory (LOCAL_BIOSPECIMEN_INVENTORY_REQUIRED = TRUE)	False	Oksa EOI slow vs fast | Li C1 vs C2	False
ADAMTS16	TIER_3	-0.225761822549231	0.839642138109901	0.960970307028735	-0.8961592979239051			True	0.225761822549231	False		not_assessable_in_TARGET	not_assessable_in_TARGET				NOT_AVAILABLE - no biospecimen inventory (LOCAL_BIOSPECIMEN_INVENTORY_REQUIRED = TRUE)	False	Oksa EOI slow vs fast | Li C1 vs C2	False
MCOLN2	TIER_3	0.123300114166076	0.844765769035244	0.961980896421871	0.2221709758415673			True	0.123300114166076	False	-0.8251633542580087	assessable	ETV6_enriched_candidate	False			NOT_AVAILABLE - no biospecimen inventory (LOCAL_BIOSPECIMEN_INVENTORY_REQUIRED = TRUE)	False	Oksa EOI slow vs fast | Li C1 vs C2	False
HOXB2	TIER_3	0.0934677086162679	0.857547446509614	0.964707711314052	0.4713341109350464			True	0.0934677086162679	False	-0.0843941679868639	assessable	ETV6_enriched_candidate	False			NOT_AVAILABLE - no biospecimen inventory (LOCAL_BIOSPECIMEN_INVENTORY_REQUIRED = TRUE)	False	Oksa EOI slow vs fast | Li C1 vs C2	False
GLT1D1	TIER_3	0.0911703805982367	0.877226286601729	0.972005232602934	0.45876331868812			True	0.0911703805982367	False	-0.7113179401218805	assessable	ETV6_enriched_candidate	False			NOT_AVAILABLE - no biospecimen inventory (LOCAL_BIOSPECIMEN_INVENTORY_REQUIRED = TRUE)	False	Oksa EOI slow vs fast | Li C1 vs C2	False
GABRQ	TIER_3	-0.183827472866408	0.883358563841626	0.973348552611905	-0.4205403313982268			True	0.183827472866408	False		not_assessable_in_TARGET	not_assessable_in_TARGET				NOT_AVAILABLE - no biospecimen inventory (LOCAL_BIOSPECIMEN_INVENTORY_REQUIRED = TRUE)	False	Oksa EOI slow vs fast | Li C1 vs C2	False
OASL	TIER_3	0.0827145696437475	0.89697403263346	0.977257513926857	0.4595662478089198			True	0.0827145696437475	False	-0.66662985814487	assessable	ETV6_enriched_candidate	False			NOT_AVAILABLE - no biospecimen inventory (LOCAL_BIOSPECIMEN_INVENTORY_REQUIRED = TRUE)	False	Oksa EOI slow vs fast | Li C1 vs C2	False
ADAMTS18	TIER_3	-0.0811592327740298	0.920459164222871	0.982215136799215	-0.4055688688741136			True	0.0811592327740298	False		not_assessable_in_TARGET	not_assessable_in_TARGET				NOT_AVAILABLE - no biospecimen inventory (LOCAL_BIOSPECIMEN_INVENTORY_REQUIRED = TRUE)	False	Oksa EOI slow vs fast | Li C1 vs C2	False
MEGF10	TIER_3	-0.0410721062013528	0.933825751479788	0.985789772101959	-0.5874292515960045			True	0.0410721062013528	False		not_assessable_in_TARGET	not_assessable_in_TARGET				NOT_AVAILABLE - no biospecimen inventory (LOCAL_BIOSPECIMEN_INVENTORY_REQUIRED = TRUE)	False	Oksa EOI slow vs fast | Li C1 vs C2	False
ZFYVE28	TIER_3	0.0345511485854447	0.945412661149303	0.988551635527809	0.2359102359091396			True	0.0345511485854447	False	-0.0382140886112985	assessable	ETV6_enriched_candidate	False			NOT_AVAILABLE - no biospecimen inventory (LOCAL_BIOSPECIMEN_INVENTORY_REQUIRED = TRUE)	False	Oksa EOI slow vs fast | Li C1 vs C2	False
BMPER	TIER_3	-0.0303361437515766	0.965270107249463	0.993029310658027	-0.8170148865255171			True	0.0303361437515766	False		not_assessable_in_TARGET	not_assessable_in_TARGET				NOT_AVAILABLE - no biospecimen inventory (LOCAL_BIOSPECIMEN_INVENTORY_REQUIRED = TRUE)	False	Oksa EOI slow vs fast | Li C1 vs C2	False
EPB41L3	TIER_3	0.0201193135333255	0.977054221830352	0.995531208751056	0.3597537037782574			True	0.0201193135333255	False	-0.9792866442671913	assessable	ETV6_enriched_candidate	False			NOT_AVAILABLE - no biospecimen inventory (LOCAL_BIOSPECIMEN_INVENTORY_REQUIRED = TRUE)	False	Oksa EOI slow vs fast | Li C1 vs C2	False
MYZAP	TIER_3	0.0091141134498449	0.988868840184559	0.997916860800161	0.6361663439408842			True	0.0091141134498449	False		not_assessable_in_TARGET	not_assessable_in_TARGET				NOT_AVAILABLE - no biospecimen inventory (LOCAL_BIOSPECIMEN_INVENTORY_REQUIRED = TRUE)	False	Oksa EOI slow vs fast | Li C1 vs C2	False
