gene	li194_mean_diff	li194_median_diff	li194_mwu_p
KLHDC7A	-0.6272888250753353	-0.7627610886973271	1.4341381883492826e-05
EFEMP1	-1.221462687693257	-1.5431549784394305	3.69972095763215e-16
FGF6	-1.0792737241529153	-1.2573615393273199	1.4956219016847054e-13
ABCA9	-1.2500733967429123	-1.407374306807929	3.5804605634642944e-17
VIPR2	-0.8939277492381648	-1.297285642072273	9.28175985842085e-09
GABRA4	-1.0378347154268728	-1.1005411644605885	2.2253838470611593e-13
ADAMTS16	-0.8961592979239051	-1.1718988697375594	6.097872392148162e-08
SEZ6L	-0.747034242248606	-0.4589182535708221	8.168515939084077e-07
DSCAM	-0.9795994830128423	-0.9263431469579599	9.66543148758609e-10
NCKAP5	-0.9208294886919682	-1.2170250450235496	4.27252229510845e-10
MDFI	-0.5717473302805531	-0.55622534688369	0.00022923997978261602
RIMBP2	-0.5671330720571435	-1.114387322394659	7.553349608962576e-05
LRFN2	-1.1109284241079473	-1.2192766919303848	3.319307169473149e-15
NTRK1	-0.6250840326662249	-1.078284044765081	0.00010984189007654267
SLC44A3	-1.1180813174459052	-1.323817584026291	3.326982454133431e-14
CCDC60	-0.8687310925924242	-1.034802214210527	1.3358965360737808e-09
PRAME	-0.1606848271440205	-0.3415836967368745	0.13772599864480298
ELFN1	-1.0347388980407901	-0.9741140363333816	1.4762967395513062e-12
HMX2	-0.602525468531841	-0.6446464749932931	3.0757970583574066e-05
TTLL6	-0.9984999220700781	-1.066316667397845	6.5500388519582685e-12
NOL4	-1.1343043573670872	-1.040296717784055	4.887303208921491e-17
HS3ST4	-0.6690744105255317	-0.7534768446498665	9.261685444638457e-06
ANKRD24	-0.8996610640189489	-1.3325375190695856	1.849049909862274e-09
C3orf56	-0.4061463009371924	-0.3816825599114678	0.003685887635057029
XDH	-0.929029980460332	-0.8559343981863116	3.7996596155683723e-10
ROR1	-0.9192128397961358	-1.5506079366397758	3.2539903370831115e-09
CYP4F22	-0.6612248708598665	-0.7579772453958551	0.00011957860067054542
SLC35F3	-0.8348779815929862	-0.8466099155831645	4.841697562613799e-08
CUX2	-0.6955545033716497	-0.6241002726415675	2.055177361781028e-06
BRINP2	-0.8483616537573999	-0.9171319131710495	3.1020896636239508e-09
INSC	-0.5807526307152199	-0.4496336779499285	0.0002566090365791143
LRRC14B	-0.7256096934011528	-0.5914714811759294	1.5033448294744303e-06
JPH2	-1.0029399465344908	-1.047672347164775	4.448287621240967e-12
PTPN14	-0.85525691715442	-1.5125764388989644	1.0808689227350979e-09
C14orf144	-0.2903383379169145	-0.27076752763649004	0.03576086325286531
PASD1	-1.081522214730743	-0.9417969150457025	1.0610581425131316e-14
ZDHHC19	-0.8437459589065739	-1.0519398309658277	1.0832395345269854e-08
SLC7A11	-1.091358053821586	-1.256364572260531	5.286698617924625e-14
NTSR1	-0.8041450551649417	-0.5527997941120866	7.265823498068245e-08
WISP2	-0.3276537944405019	-0.373492539152374	0.038861573875042195
UGT3A2	-0.42322308993703067	-0.5704128754813946	0.00657223606304851
GABRD	-0.5889352631017692	-0.6664575096909104	0.00014820032494899162
NGFR	-0.8455724157354806	-0.8857224018380275	1.1699050986513471e-08
NRG3	-0.39013388091073503	-0.6926512998039124	0.007130999246879699
TMPRSS3	-0.7748386689864218	-0.5054919935560604	1.597482715695061e-09
FRZB	-1.065484646341868	-1.114008205525835	2.4417744927104157e-12
LDB2	-0.5675485931693462	-0.5628565873869075	6.956288120831127e-05
ANO2	-0.7106096368138457	-0.6208515110999265	7.251840374618624e-07
TFAP2A	-0.6397906462213286	-0.6277105223802184	9.729548605672773e-06
TMEM233	-0.6964233449186055	-0.5849304310847875	1.4075830424844855e-06
AP003774.4	-0.2848684394689186	-0.502551939063686	0.07358687145321546
NPAS3	-0.37885034329520595	-0.4969222914796195	0.017293735468635333
EYA1	-0.828968359055483	-0.7645766051219345	8.258892344940102e-08
TMEM52	-0.7078517805501124	-0.765048960028903	2.3073402985738176e-06
ADAMTS15	-0.0557903180604704	0.07675280947984775	0.9832785161559675
CCDC8	-0.0873403657773367	-0.15749076742576068	0.5269202608813446
TNR	-0.6487635199987025	-0.754097587880311	2.5433817328341426e-05
TP63	-0.8265453022001292	-0.9909421411831795	1.6633225658815258e-08
HHIPL1	-0.7378850340570461	-0.9822047473557289	8.059997077296976e-07
RIMBP3C	-0.6610257702197007	-0.6683258407085999	3.2759881134541615e-05
PCDHB16	-0.18637396746283438	-0.16891827370303097	0.128170158566994
IGSF10	-0.5963682980741198	-0.5426174031471195	0.00010297523837059913
MEGF10	-0.5874292515960045	-0.4868281239311905	0.0001235586113249516
SHISA2	-0.9472138247635113	-1.5663990644471815	3.820814359388477e-11
GP1BB	-0.8021122816955627	-0.880992342919203	8.903130981402613e-08
P4HA2	-0.8810930941014777	-0.9016392518745765	8.039897029678034e-10
IRX3	-0.2867037796870583	-0.10754831335745099	0.12638747142669787
APCDD1	-0.5828822099909506	-0.5050581902192031	0.00015600514113440906
KRT24	-0.6839179553490374	-0.6391218110180721	1.2823897182221915e-06
AGRP	-0.44627382752525185	-0.505802370754045	0.0028360578749817133
GYG2	-0.5151632760685119	-0.4863387718064425	0.002775550527021084
ALX4	-0.43564875055496666	-0.14670352259512853	0.05567434145737207
SERP2	-0.06409842506376173	-0.2622317419014646	0.44042127792530184
SERPINI2	-0.306522119165421	-0.538193238259798	0.031195181786058294
FOXL1	-0.0015854954951247356	0.18122760165425503	0.7068109625249581
ESPNL	-0.4410333802468149	-0.584590729235662	0.0025801132480581124
PTX4	-0.5942797443995685	-0.545806845650193	9.65151672336698e-05
LINC00692	-0.4145258990169058	-0.3628823160008975	0.005423502378735878
ADAMTS18	-0.4055688688741136	-0.21252712586386258	0.013352923163060498
POPDC3	-0.5533239858019587	-0.47552221914063697	0.0004963640305408443
ARMCX2	-0.7120294319576992	-0.7026977655554865	4.258416379252069e-07
MID1	-0.9349174189686471	-0.8718360964928491	3.104828456046459e-10
GABRQ	-0.4205403313982268	-0.5905827402930357	0.01163771672205452
NYNRIN	-0.36453260605352844	-0.43520021711812895	0.010808921860291526
PCDH18	-0.8033183139662403	-0.9171915086514425	1.850027871628691e-08
GADL1	-0.5257642983276607	-0.343776611589084	0.002206463296502949
STXBP5L	-0.3948287463153267	-0.340786744037447	0.00998580510969081
NEO1	-1.1663386677014433	-1.2305609698745725	3.3175098373540236e-16
ZSCAN23	0.1464205666224445	0.21375814276792254	0.24004795876084817
HRC	-0.510638142359843	-0.685250221439003	3.670579971808407e-05
BMPER	-0.8170148865255171	-0.8730483061274326	1.1374848108565198e-07
LRRC16B	-1.0033472858412278	-1.1257550829758038	3.5613926513346983e-12
NDFIP2	-0.9810715918417903	-0.9569093718645281	9.105320093564828e-12
SGCB	-1.1176703886805937	-1.1446251958465279	1.0374089732402162e-15
IRX2	-0.4180040630870939	-0.6185205433384465	0.0028780216616361397
ARSE	-0.4901174869187841	-0.552243774951378	0.0003783086325697706
MKX	0.04263043961576111	0.2998139421356877	0.4933159981707298
CHAT	-0.263202978572858	-0.1230818638558447	0.14414523586888564
MGAT5B	-0.9057697408420373	-0.765502999559136	5.869003771184572e-10
ZNF391	-0.2876222659683799	-0.534576667667519	0.06383555912091297
FAM171A1	-0.8038136064524168	-0.8868976130353755	8.524680160835095e-08
FZD2	-0.018789016284861817	0.13840109862277652	0.7562447536657003
SLC16A2	-0.814040024408266	-0.6143761171910147	4.893639595043775e-09
PHGDH	-0.7968608232794062	-0.876296550120599	1.427969885034834e-08
SMAD9	-0.008459087899826767	-0.11963717724631061	0.8844071978534476
PDCD1LG2	-0.4409426807318255	-0.38970902049143297	0.0031953141861591817
IL5	-0.44658975999426587	-0.3451156844753245	0.006520391374171243
CAMSAP2	-1.197956979406956	-1.3875681966279905	1.2972712160791752e-16
TERT	-0.48885692101967915	-0.719471567150939	0.0005212638960514458
GPR176	-0.8526637486119069	-0.7613275017160706	7.469005210826145e-09
NRXN2	-0.7358475752966234	-0.685407395763539	3.564526068792855e-06
CAPN9	-0.4077648946821175	-0.26423564402767685	0.0037806147044799994
SPRED1	-0.8077679161577924	-1.0381581316199946	6.85431592910262e-08
NTN3	-0.20947931412997156	-0.23259013079491328	0.2627757294702927
TACC2	-0.5629029218085542	-0.7675640345041095	0.0001644003301308201
LYPD5	-0.20328092111584276	-0.2851530911405355	0.0923641887783133
C21orf90	-0.405781664976336	-0.30314835006487173	0.01060655700197592
ZNF835	-0.017806153199030693	-0.12624256288388222	0.9040878531022837
LHFP	-1.1586507161468158	-1.238333296246521	2.447050184418946e-16
ANGPTL2	-0.22397633994035415	-0.319095636056568	0.10351514907407904
CEL	-0.4036516844990429	-0.4752448574895	0.0064689148270224515
CXorf21	-0.7223503514379676	-0.866653450526906	3.32233045265062e-07
DFNA5	-0.8190252614530109	-0.6515696307377306	2.4457435927858994e-07
ACY3	-0.5363184742801406	-0.5988768788991594	0.00016442072153024045
CCDC89	-0.18385005197969162	-0.35429232202949623	0.19339362813412342
FBLN5	-0.6415394555174053	-0.5664331559836195	1.379295536647146e-05
RIBC2	-0.29091270635609084	-0.25458608594983145	0.05567434145737207
FST	0.7459933126116551	0.9132360913070405	7.693292420764328e-08
INHBB	0.32040193559735186	0.29761768708597447	0.06605764102562381
AREG	0.5317982141661004	0.46465045343670647	0.0010595526316582462
ANKRD30B	0.9513863298792472	1.7763098860279052	5.16308749257486e-13
PABPC4L	0.6354894573095156	1.0645786934051573	8.050738797992531e-06
MPV17L	1.2766113012151394	1.342755579266865	1.873852048710138e-19
SERTAD4	1.1613638183247945	1.238858186691427	3.915476957407737e-17
SHE	1.3227219986761565	1.467534002304339	1.5545931571090757e-21
CXXC11	0.28053223509032627	0.2598333107992228	0.09311600108612532
DUSP4	0.05220980397068524	0.027943717222456532	0.94465699132202
RGS2	0.3969126859589689	0.23753211554042875	0.018329273562630605
FAM124B	1.0355484326839912	1.179330704047232	1.386759167268393e-13
B3GNT7	0.4115308037319177	0.6004479311937545	0.00378067204424569
OASL	0.45956624780891986	0.34738594797572947	0.009613826901164154
SGCZ	0.5852073374922463	0.9248499219681905	9.533734247170071e-05
FBLN2	0.7666046270868511	0.5757443600473566	7.336182615251441e-07
GATA2	1.486028956439295	1.6306797217864493	9.19827270922784e-24
LONRF3	0.4887798592599626	0.407556118364962	0.0013629176759594375
NBL1	1.026254014854071	1.3348043849830904	1.3687888361128922e-12
CREG2	1.1918805684256035	1.1945957932549105	1.6514458199815215e-16
SDC4	0.6863907796483493	0.7389838092322435	1.7814560219745343e-06
PLCB4	0.819290911620446	0.786242488244812	8.999237722545052e-09
PRTG	0.5944959665349747	0.23861379000430546	9.590726221725843e-05
CD33	1.3527845140929529	1.4328347418555485	2.2257734940447027e-20
MYZAP	0.6361663439408842	0.6715311274922885	3.672880860199439e-05
PRSS1	0.8023075760455665	1.0288307847258946	5.032816180276192e-08
CNKSR3	1.0548665298392583	1.0054499671047021	4.3453105594706734e-13
IL10	0.08143269209942766	0.055357805880135	0.705039094294776
GLT1D1	0.45876331868812004	0.284569087826419	0.00528840307058171
B3GAT1	0.8315878289943723	0.602701471374253	1.0666564442805294e-08
C8orf56	0.7262757366467423	0.8956862143957525	5.909032027623145e-07
SIGLEC1	0.5453726084266466	0.47965391958521314	9.475742929648584e-05
CDH2	0.6555098628106566	1.303929931191465	1.0699092623147352e-05
ATP9A	1.3115661096987719	1.1947507078181536	1.7865601024592016e-19
PDGFC	0.7123689839056355	0.528923047505509	1.5838711818624597e-06
ALDH1A1	0.7934021668608353	0.9601496583121559	1.5574523400187906e-07
CPA3	0.5629910752455544	0.4828788585082633	0.00017317242356720638
TUFT1	0.3593042482662678	0.24968174083183697	0.01994038594233157
B4GALNT4	0.5158574277204638	0.397589463499282	0.00010110964273669297
SYNM	0.18239603067366178	0.096349738023327	0.2594371357039258
PWWP2B	0.9776696977398184	1.061878371072455	1.886296228533619e-12
SLC6A20	1.2809808959524074	1.4477942186735215	1.1601104529414506e-19
FGD4	1.1840373311182877	1.1231457735381634	2.5559919462589386e-16
RGS18	0.9262746298572451	0.898205415071607	4.805013614644182e-10
STAB1	1.0844718735046759	0.9795062481983199	3.5404566014435163e-16
AKR1E2	0.6272824080594012	0.5411120978985975	1.1874601563921811e-05
ISPD	0.5334965099206849	0.47416542298460096	0.0003300372316238404
F3	-0.07804411765664768	-0.17235827149933766	0.3752322116194685
NRIP3	0.4716318456451087	0.5286293726341349	0.0003372791277196938
PPBP	0.38168803287326225	0.3193169969392335	0.009577020983406523
GALNT3	0.47940144935813844	0.6659054929409545	0.0005857029939033536
CCSER1	0.25348877497378597	0.0215326450375546	0.24162443753428597
GOLIM4	0.682049938416858	0.8670834145073695	2.8713610836146136e-06
BARX2	0.21691025264992453	0.4697089742849301	0.05999469607057399
TBC1D12	0.5523591069309665	0.4732168237679871	0.0002177462334050896
CABLES1	0.9193866775763131	0.627972230639052	1.2179412613099297e-11
RGCC	1.1527544079285592	1.160172875312723	3.534619934442405e-15
ST14	0.16460540246691274	0.125666710740312	0.3524031262569235
DLGAP3	1.104470733792439	1.151226133516072	8.378369082940974e-16
EPB41L3	0.35975370377825744	0.41278571242593054	0.00831045160036548
HES1	0.2193780769314002	0.15227605184544402	0.16415344604307835
VWDE	0.3690972479275712	0.16346859585037588	0.04779774046170696
KIAA1211	0.7150184799973265	0.8205424672356065	2.0819549051749254e-06
HOXB2	0.47133411093504646	0.39784973863267103	0.0044801163336767365
PLXNA4	0.5032316554816426	0.366848261625399	0.001044128983085313
TPO	1.01277561732234	1.082225773938463	2.783950171587849e-11
ARRDC4	0.3943746794278999	0.29957480088329264	0.008374893290020155
STX1A	0.12457244193183829	0.060788200564714484	0.5759758203356831
FHAD1	0.7273678497313447	0.559313342290583	2.7591096484239875e-08
SLC32A1	0.29162312673081514	0.304544439469576	0.03149273495304459
SEMA5A	0.6851917768625431	0.676912139706711	2.7349401682860787e-07
DAPK1	1.462523570985115	1.3126167347015925	2.7619884025010663e-24
FLJ00418	0.11562391055190813	0.08200681349983854	0.5338488667736332
MCOLN2	0.22217097584156734	0.23629941849255204	0.19974926077280675
SALL4	1.2139615661738836	1.2885546601445625	2.6185532468942768e-17
SOX8	0.4493532879472553	0.5668589394163112	0.0007514918545921946
SEMA6B	0.541823193907203	0.5196669279387454	0.00038756227757429996
IL12A	0.6520940350817662	0.7379855008418414	6.659081197251319e-06
MLF1	0.2307161983351529	0.22698775491267703	0.09389490994483246
ATP6V0A4	0.22284407887306185	0.184809513539473	0.24533000728192245
TFEC	0.4831490779394333	0.41251298793947294	0.0015609973741435989
NPR3	0.8806757936346064	0.7724265592956725	1.3466392346029065e-10
BNC2	0.30809785348768143	0.27206819444767255	0.03160757722783512
ABCB1	0.2074090247808368	0.14074824598250105	0.24215154530776217
CSF1	0.44566074218699014	0.32668764058004424	0.04810438462039609
ANPEP	1.1961847600772815	1.2140906931692146	3.464547570573652e-16
DST	0.47210514233154954	0.48246710701301004	0.0017227456402127126
CREB5	0.4029354819004279	0.5094367538093079	0.00453581212901641
B3GALNT1	0.9321573600724514	1.2009501295864764	1.4929670487215013e-10
GLB1L3	0.44557746442650864	0.3697509331570062	0.008182897535201055
XKR6	0.3795205567066895	0.345622867194694	0.020791650542509935
PVRL2	0.3998803061472163	0.515566772797019	0.009183795172902099
GRHL1	0.4397425738508691	0.37973254195746686	0.0014133387617212118
C7orf41	0.5833068027583372	0.5661589160468905	0.000120956584942415
ZDBF2	0.05000785226425626	-0.09702053129772001	0.8926858318528071
LCA5	0.48758182971259056	0.6464402750908566	0.0007303779468190559
SLC2A8	0.9478025654136051	1.0534673355614617	9.698289355319914e-11
S100A10	0.20772846797186612	0.049960936048133564	0.1785815498464588
PLXDC2	0.5060833145380483	0.8752535968952525	9.043910380552463e-05
INADL	0.2810916581065948	-0.08150073492627904	0.1406181798528535
ALCAM	0.9055378557339443	0.961621476824346	8.173637507013702e-10
PLEKHG3	1.1278642640145398	1.314044255222168	7.95750479172904e-15
NECAB1	0.5907046262351028	0.649929586032947	4.659527714420594e-05
MTFP1	0.6012091415217582	0.6446287605890282	7.595425547659955e-05
ZFYVE28	0.2359102359091396	0.037332004412061	0.16622730869497493
CHRNB4	1.082118917685261	1.101293543122372	4.177238409809357e-15
DDN	0.16314222262900413	0.10629410331230764	0.24961312095477084
MATK	0.26643775178382073	0.22391992473454145	0.1074613729114939
SYTL4	0.5769895657740496	0.7548298935431085	5.125813675365876e-05
SEMA7A	0.5519859464146438	0.39449538705853116	0.00038027134451426066
NUAK2	0.19963261452270686	0.033006253770181515	0.32917362900809877
UCK2	0.925676958942669	1.009760808733725	5.676951992807437e-10
HOPX	0.22371429044368651	0.22897986622028216	0.1933943602056285
THEM4	0.2605359518087944	-0.012062193719394515	0.21387774160532924
RASL11A	0.14141009843959418	0.14206675262760635	0.3524031262569235
RASGEF1B	0.5850760340620771	0.484252313907788	0.00016442072153024045
TES	0.3440047523981892	0.13635961855954176	0.06886985853075135
DYSF	0.32509008604732736	0.27876069522505337	0.0623491237989512
BTG3	0.37579279879905153	0.22329806728553225	0.018072104757070846
CDKN1C	0.6209252191802178	0.73526056518931	7.438881127762897e-06
KLF4	0.4524001306912304	0.37418699480628953	0.003718032420465903
MFAP3L	0.4379330621608285	0.3769804230139261	0.004353094543921609
KLRF1	0.20812441222035238	0.025351793643074445	0.24215154530776217
CPAMD8	1.0763897190516865	1.045095764042229	4.977958517151589e-14
MB21D2	0.43471182195425384	0.34504629327292763	0.0014577752838260674
